,open,high,low,close,adjclose,volume,ticker,adjclose_15,true_adjclose_15,buy_profit,sell_profit
1997-07-29,0.11822900176048279,0.125,0.1166670024394989,0.12395799905061722,0.12395799905061722,96288000,AMZN,0.4852859,0.10833299905061722,-0.015625,0.0
1997-08-06,0.11041700094938278,0.11562500149011612,0.109375,0.11249999701976776,0.11249999701976776,24864000,AMZN,0.56273776,0.11588499695062637,0.003384999930858612,0.0
1997-08-21,0.10677099972963333,0.10859400033950806,0.10364600270986557,0.10572899878025055,0.10572899878025055,12480000,AMZN,0.52529377,0.18437500298023224,0.07864600419998169,0.0
1997-09-03,0.1171879991889,0.12083300203084946,0.11562500149011612,0.1166670024394989,0.1166670024394989,39288000,AMZN,0.52101713,0.21875,0.1020829975605011,0.0
1997-09-05,0.12916700541973114,0.1333329975605011,0.12291699647903442,0.125,0.125,38160000,AMZN,0.58641076,0.20833300054073334,0.08333300054073334,0.0
1997-09-10,0.16562500596046448,0.16640600562095642,0.15625,0.1651040017604828,0.1651040017604828,77328000,AMZN,0.67152524,0.20104199647903442,0.035937994718551636,0.0
1997-09-15,0.18333299458026886,0.18385399878025055,0.15260399878025055,0.1546880006790161,0.1546880006790161,111672000,AMZN,0.48649028,0.20624999701976776,0.05156199634075165,0.0
1997-09-16,0.15625,0.17708300054073334,0.15599000453948975,0.16770799458026886,0.16770799458026886,128640000,AMZN,0.54726833,0.20286500453948975,0.035157009959220886,0.0
1997-09-17,0.17291699349880219,0.17499999701976776,0.16666699945926666,0.1703130006790161,0.1703130006790161,52152000,AMZN,0.6294151,0.2002599984407425,0.02994699776172638,0.0
1997-09-22,0.20000000298023224,0.2338539958000183,0.19739599525928497,0.22499999403953552,0.22499999403953552,338760000,AMZN,0.5795631,0.20000000298023224,-0.024999991059303284,0.0
1997-09-29,0.20729200541973114,0.20937499403953552,0.19791699945926666,0.20208300650119781,0.20208300650119781,47424000,AMZN,0.4936192,0.19114600121974945,-0.010937005281448364,0.0
1997-10-06,0.20000000298023224,0.20624999701976776,0.19713500142097473,0.20624999701976776,0.20624999701976776,40560000,AMZN,0.5012385,0.21354199945926666,0.007292002439498901,0.0
1997-10-17,0.1807290017604828,0.18281300365924835,0.17604200541973114,0.18125000596046448,0.18125000596046448,50688000,AMZN,0.60701865,0.22395800054073334,0.04270799458026886,0.0
1997-10-21,0.19791699945926666,0.22187499701976776,0.19270800054073334,0.22135399281978607,0.22135399281978607,241920000,AMZN,0.61187947,0.19739599525928497,-0.0239579975605011,0.0
1997-10-31,0.26822900772094727,0.2729170024394989,0.2484380006790161,0.25416699051856995,0.25416699051856995,100536000,AMZN,0.5451264,0.22447900474071503,-0.02968798577785492,0.0
1997-11-05,0.24895800650119781,0.25598999857902527,0.24375000596046448,0.24375000596046448,0.24375000596046448,61872000,AMZN,0.5289538,0.21302099525928497,-0.030729010701179504,0.0
1997-11-17,0.2114579975605011,0.2270829975605011,0.2109380066394806,0.21875,0.21875,147888000,AMZN,0.58606815,0.234375,0.015625,0.0
1997-12-02,0.21302099525928497,0.21510399878025055,0.20885400474071503,0.21171900629997253,0.21171900629997253,25248000,AMZN,0.5920901,0.23125000298023224,0.019530996680259705,0.0
1997-12-03,0.2098959982395172,0.21875,0.20937499403953552,0.2182289958000183,0.2182289958000183,25800000,AMZN,0.5920865,0.23020799458026886,0.01197899878025055,0.0
1997-12-12,0.23229199647903442,0.24010400474071503,0.22031299769878387,0.2270829975605011,0.2270829975605011,53448000,AMZN,0.6744208,0.24192699790000916,0.014844000339508057,0.0
1997-12-16,0.23229199647903442,0.23229199647903442,0.22291700541973114,0.22291700541973114,0.22291700541973114,33744000,AMZN,0.614995,0.23072899878025055,0.007811993360519409,0.0
1998-01-08,0.2348960041999817,0.23515599966049194,0.2265630066394806,0.23072899878025055,0.23072899878025055,120312000,AMZN,0.583645,0.24583299458026886,0.01510399580001831,0.0
1998-01-21,0.24687500298023224,0.2583329975605011,0.24375000596046448,0.25364598631858826,0.25364598631858826,174768000,AMZN,0.5436047,0.2645829916000366,0.010937005281448364,0.0
1998-01-27,0.24088500440120697,0.2432290017604828,0.23333300650119781,0.23749999701976776,0.23749999701976776,82080000,AMZN,0.57049775,0.25364598631858826,0.016145989298820496,0.0
1998-01-30,0.25,0.25312501192092896,0.24427099525928497,0.24583299458026886,0.24583299458026886,74448000,AMZN,0.5772264,0.27031299471855164,0.024480000138282776,0.0
1998-02-18,0.2572920024394989,0.2572920024394989,0.25260400772094727,0.25364598631858826,0.25364598631858826,59424000,AMZN,0.60519403,0.3317709863185883,0.07812500000000006,0.0
1998-02-23,0.2645829916000366,0.27083298563957214,0.26041701436042786,0.27031299471855164,0.27031299471855164,79560000,AMZN,0.607985,0.32916700839996343,0.0588540136814118,0.0
1998-02-26,0.27317699790000916,0.3041670024394989,0.2718749940395355,0.3031249940395355,0.3031249940395355,307464000,AMZN,0.72226435,0.3499999940395355,0.046875,0.0
1998-02-27,0.30104199051856995,0.33177098631858826,0.299219012260437,0.3208329975605011,0.3208329975605011,494136000,AMZN,0.7415056,0.3499999940395355,0.029166996479034424,0.0
1998-03-02,0.31614598631858826,0.3218750059604645,0.3125,0.31770798563957214,0.31770798563957214,219144000,AMZN,0.93053234,0.34921899437904363,0.03151100873947149,0.0
1998-03-04,0.30000001192092896,0.30937498807907104,0.29166701436042786,0.3059900104999542,0.3059900104999542,146280000,AMZN,0.5199714,0.34036499261856085,0.03437498211860662,0.0
1998-03-16,0.3315100073814392,0.3364579975605011,0.3291670083999634,0.3291670083999634,0.3291670083999634,66240000,AMZN,0.53653705,0.3692710101604462,0.040104001760482844,0.0
1998-03-19,0.35572901368141174,0.36458298563957214,0.34895798563957214,0.3499999940395355,0.3499999940395355,242304000,AMZN,0.68929887,0.3968749940395356,0.046875000000000056,0.0
1998-03-20,0.3499999940395355,0.35364601016044617,0.34635400772094727,0.3499999940395355,0.3499999940395355,128256000,AMZN,0.7923781,0.39296901226043707,0.042969018220901545,0.0
1998-03-25,0.35416701436042786,0.3572919964790344,0.3375000059604645,0.3403649926185608,0.3403649926185608,225792000,AMZN,0.53416437,0.41041699051856995,0.07005199790000916,0.0
1998-03-26,0.34062498807907104,0.34895798563957214,0.33125001192092896,0.3447920083999634,0.3447920083999634,157560000,AMZN,0.6965612,0.39531299471855164,0.05052098631858826,0.0
1998-03-30,0.3578130006790161,0.36458298563957214,0.35468798875808716,0.3578130006790161,0.3578130006790161,110016000,AMZN,0.6879611,0.3877600133419037,0.029947012662887573,0.0
1998-04-15,0.4083330035209656,0.41666701436042786,0.39375001192092896,0.40052101016044617,0.40052101016044617,223848000,AMZN,0.748768,0.37656301259994507,-0.0239579975605011,0.0
1998-04-16,0.40052101016044617,0.41380199790000916,0.388280987739563,0.41041699051856995,0.41041699051856995,324888000,AMZN,0.68512684,0.37916699051856995,-0.03125,0.0
1998-04-23,0.36250001192092896,0.36250001192092896,0.3354170024394989,0.3375000059604645,0.3375000059604645,245064000,AMZN,0.62288475,0.3815099895000458,0.0440099835395813,0.0
1998-04-24,0.3416669964790344,0.3656249940395355,0.33958300948143005,0.35364601016044617,0.35364601016044617,335712000,AMZN,0.70382357,0.37343800067901617,0.019791990518570002,0.0
1998-05-05,0.3916670083999634,0.3979170024394989,0.38802099227905273,0.3904950022697449,0.3904950022697449,119976000,AMZN,0.55980974,0.3609380125999451,-0.02955698966979975,0.0
1998-05-06,0.3916670083999634,0.3916670083999634,0.3755210041999817,0.37656301259994507,0.37656301259994507,148776000,AMZN,0.6854297,0.35807299613952637,-0.0184900164604187,0.0
1998-05-07,0.37916699051856995,0.38749998807907104,0.3677079975605011,0.37916699051856995,0.37916699051856995,277752000,AMZN,0.65458816,0.3671880066394806,-0.011978983879089355,0.0
1998-05-15,0.3828130066394806,0.38541701436042786,0.3729169964790344,0.3734380006790161,0.3734380006790161,92568000,AMZN,0.72493273,0.3854170143604279,0.011979013681411799,0.0
1998-05-20,0.37656301259994507,0.3812499940395355,0.3677079975605011,0.36927101016044617,0.36927101016044617,80976000,AMZN,0.5896813,0.5208330154418945,0.15156200528144836,0.0
1998-05-29,0.3578130006790161,0.37083300948143005,0.35624998807907104,0.3671880066394806,0.3671880066394806,172824000,AMZN,0.9022546,0.6317710280418396,0.264583021402359,0.0
1998-06-05,0.36458298563957214,0.36979201436042786,0.359375,0.3687500059604645,0.3687500059604645,68544000,AMZN,0.67494005,0.7854170203208923,0.41666701436042786,0.0
1998-06-08,0.36510398983955383,0.38593798875808716,0.36250001192092896,0.38541701436042786,0.38541701436042786,109260000,AMZN,0.6565606,0.8229169845581055,0.4374999701976776,0.0
1998-07-08,0.9322919845581055,0.9916669726371765,0.8531249761581421,0.8927080035209656,0.8927080035209656,1166232000,AMZN,1.7403207,0.8984379768371582,0.005729973316192627,0.0
1998-07-09,0.921875,0.9708330035209656,0.875,0.8791670203208923,0.8791670203208923,589860000,AMZN,1.5073737,0.9479169845581054,0.06874996423721302,0.0
1998-07-24,1.0770829916000366,1.0958329439163208,0.9750000238418579,1.0354169607162476,1.0354169607162476,579480000,AMZN,1.3476452,1.0229170322418213,-0.01249992847442627,0.0
1998-08-13,1.0885419845581055,1.125,1.0583330392837524,1.0625,1.0625,492588000,AMZN,1.3473387,0.715624988079071,-0.34687501192092896,0.0
1998-09-17,0.6703130006790161,0.6958330273628235,0.637499988079071,0.6416670083999634,0.6416670083999634,849156000,AMZN,1.0689894,0.7182289958000183,0.07656198740005493,0.0
1998-09-24,0.8927080035209656,0.9739580154418945,0.8458330035209656,0.8510419726371765,0.8510419726371765,1022484000,AMZN,1.4896109,0.8088539838790894,-0.04218798875808716,0.0
1998-10-09,0.7520830035209656,0.765625,0.6979169845581055,0.7598959803581238,0.7598959803581238,414540000,AMZN,1.3586541,1.0536459684371948,0.29374998807907104,0.0
1998-10-12,0.809374988079071,0.8416669964790344,0.7749999761581421,0.7765629887580872,0.7765629887580872,436344000,AMZN,1.0668871,1.0916670560836792,0.31510406732559204,0.0
1998-10-14,0.7588539719581604,0.8135420083999634,0.7479169964790344,0.7791669964790344,0.7791669964790344,311808000,AMZN,0.9624484,1.0817710161209106,0.3026040196418762,0.0
1998-10-15,0.7854170203208923,0.815625011920929,0.7708330154418945,0.8088539838790894,0.8088539838790894,339420000,AMZN,1.0061271,1.0708329677581787,0.26197898387908936,0.0
1998-10-20,0.90625,0.9375,0.8885419964790344,0.8895829916000366,0.8895829916000366,383352000,AMZN,1.1491926,1.0979169607162476,0.20833396911621094,0.0
1998-10-21,0.9119790196418762,0.918749988079071,0.8802080154418945,0.9166669845581055,0.9166669845581055,252360000,AMZN,1.0851403,1.0552079677581787,0.13854098320007324,0.0
1998-10-23,0.9541670083999634,0.9859380125999451,0.9510419964790344,0.9677079916000366,0.9677079916000366,272496000,AMZN,1.3271058,1.0645829439163208,0.09687495231628418,0.0
1998-10-30,1.0552079677581787,1.0817710161209106,1.0385420322418213,1.0536459684371948,1.0536459684371948,423648000,AMZN,1.5122741,1.5052080154418945,0.4515620470046997,0.0
1998-11-03,1.0927079916000366,1.108854055404663,1.0479170083999634,1.0505210161209106,1.0505210161209106,367764000,AMZN,1.3692592,1.787500023841858,0.7369790077209473,0.0
1998-11-10,1.068750023841858,1.1666669845581055,1.0677080154418945,1.0979169607162476,1.0979169607162476,687516000,AMZN,1.5554372,1.662500023841858,0.5645830631256104,0.0
1998-11-12,1.0458329916000366,1.1072920560836792,1.0416669845581055,1.0916670560836792,1.0916670560836792,239496000,AMZN,1.5049108,1.5708329677581787,0.4791659116744995,0.0
1998-11-13,1.0994789600372314,1.1124999523162842,1.0476560592651367,1.0645829439163208,1.0645829439163208,178812000,AMZN,1.1029645,1.5916670560836792,0.5270841121673584,0.0
1998-11-19,1.4249999523162842,1.462499976158142,1.274999976158142,1.2770830392837524,1.2770830392837524,777912000,AMZN,2.336169,1.8583329916000366,0.5812499523162842,0.0
1998-11-24,1.8666670322418213,1.9427080154418945,1.7083330154418945,1.787500023841858,1.787500023841858,1633512000,AMZN,2.8160145,2.4083330631256104,0.6208330392837524,0.0
1998-11-25,1.8041670322418213,1.8624999523162842,1.7083330154418945,1.7526040077209473,1.7526040077209473,550452000,AMZN,2.2022192,2.3062500953674316,0.5536460876464844,0.0
1998-12-02,1.7244789600372314,1.7291669845581055,1.6463539600372314,1.662500023841858,1.662500023841858,592980000,AMZN,2.7123582,2.7083330154418945,1.0458329916000366,0.0
1998-12-08,1.5802079439163208,1.7156250476837158,1.5708329677581787,1.7005209922790527,1.7005209922790527,510996000,AMZN,1.7926861,2.6770830154418945,0.9765620231628418,0.0
1998-12-10,1.8135420083999634,1.8666670322418213,1.7468750476837158,1.7760419845581055,1.7760419845581055,607236000,AMZN,2.4991105,2.957813024520874,1.1817710399627686,0.0
1998-12-11,1.750520944595337,1.8666670322418213,1.75,1.8583329916000366,1.8583329916000366,509352000,AMZN,2.6372862,3.112499952316284,1.2541669607162476,0.0
1999-01-05,2.739063024520874,3.2437500953674316,2.6624999046325684,3.112499952316284,3.112499952316284,1257464000,AMZN,3.5150106,3.140625,0.02812504768371582,0.0
1999-01-22,2.487499952316284,3.1468749046325684,2.46875,3.075000047683716,3.075000047683716,875316000,AMZN,3.744247,2.612499952316284,-0.46250009536743164,0.0
1999-01-25,3.0374999046325684,3.0843749046325684,2.75,2.809375047683716,2.809375047683716,546476000,AMZN,3.9027638,2.465625047683716,-0.34375,0.0
1999-01-29,3.0406250953674316,3.0406250953674316,2.875,2.92343807220459,2.92343807220459,327920000,AMZN,3.1179574,2.6624999046325684,-0.2609381675720215,0.0
1999-02-08,2.859375,2.878124952316284,2.643749952316284,2.7281250953674316,2.7281250953674316,251964000,AMZN,2.5848668,3.03281307220459,0.0,-0.3046879768371582
1999-02-12,2.700000047683716,2.746875047683716,2.590625047683716,2.612499952316284,2.612499952316284,155308000,AMZN,2.8917246,3.054687976837158,0.442188024520874,0.0
1999-02-23,2.753124952316284,2.924999952316284,2.737499952316284,2.879688024520874,2.879688024520874,422784000,AMZN,3.2191436,3.34531307220459,0.4656250476837158,0.0
1999-03-11,3.4937500953674316,3.5687499046325684,3.2750000953674316,3.371875047683716,3.371875047683716,325044000,AMZN,3.3345623,4.275000095367432,0.0,-0.9031250476837158
1999-03-17,3.28281307220459,3.3375000953674316,3.206249952316284,3.2750000953674316,3.2750000953674316,157348000,AMZN,3.365714,4.474999904632568,1.1999998092651367,0.0
1999-03-18,3.3218750953674316,3.5,3.309375047683716,3.460937976837158,3.460937976837158,246004000,AMZN,3.8068533,4.571875095367432,1.1109371185302734,0.0
1999-03-19,3.546875,3.5765628814697266,3.375,3.37656307220459,3.37656307220459,214504000,AMZN,3.687046,4.61093807220459,1.234375,0.0
1999-04-08,4.3703131675720215,4.603125095367432,4.150000095367432,4.474999904632568,4.474999904632568,229756000,AMZN,4.5745244,4.206250190734863,-0.2687497138977051,0.0
1999-04-16,4.596875190734863,4.787499904632568,4.51718807220459,4.75,4.75,633204000,AMZN,5.477043,3.409374952316284,-1.3406250476837158,0.0
1999-04-20,3.9328129291534424,4.357812881469727,3.8375000953674316,4.300000190734863,4.300000190734863,400100000,AMZN,4.7380714,3.7093749046325684,-0.5906252861022949,0.0
1999-04-26,5.224999904632568,5.396874904632568,5.099999904632568,5.179687976837158,5.179687976837158,279700000,AMZN,5.1695614,3.440624952316284,0.0,1.739063024520874
1999-05-14,3.328125,3.3687500953674316,3.2453129291534424,3.309375047683716,3.309375047683716,225336000,AMZN,3.182352,2.934375047683716,0.0,0.375
1999-05-18,3.410938024520874,3.4375,3.273437976837158,3.315624952316284,3.315624952316284,248156000,AMZN,3.6965585,2.8499999046325684,-0.4656250476837158,0.0
1999-05-19,3.348438024520874,3.4906249046325684,3.3375000953674316,3.489063024520874,3.489063024520874,252384000,AMZN,3.710333,2.898437976837158,-0.5906250476837158,0.0
1999-05-21,3.268749952316284,3.299999952316284,3.143749952316284,3.2140629291534424,3.2140629291534424,160112000,AMZN,3.132316,2.299999952316284,0.0,0.9140629768371582
1999-05-26,2.82968807220459,3.046875,2.612499952316284,3.023437976837158,3.023437976837158,423172000,AMZN,3.2458887,2.8234379291534424,-0.20000004768371582,0.0
1999-05-27,2.9906249046325684,3.0140628814697266,2.8499999046325684,2.864063024520874,2.864063024520874,271468000,AMZN,3.3550873,2.78281307220459,-0.08124995231628418,0.0
1999-06-02,2.6187500953674316,2.875,2.4281249046325684,2.8031249046325684,2.8031249046325684,738128000,AMZN,2.8060691,2.9437499046325684,0.140625,0.0
1999-06-04,2.640625,2.75,2.5406250953674316,2.710937976837158,2.710937976837158,389836000,AMZN,3.0117807,2.754688024520874,0.04375004768371582,0.0
1999-06-08,3.0,3.034374952316284,2.7593750953674316,2.789062976837158,2.789062976837158,276888000,AMZN,2.8581858,2.9015629291534424,0.11249995231628418,0.0
1999-06-16,2.53281307220459,2.825000047683716,2.5250000953674316,2.7921879291534424,2.7921879291534424,434144000,AMZN,3.4007025,3.1343750953674316,0.34218716621398926,0.0
1999-06-22,3.07968807220459,3.237499952316284,2.9124999046325684,2.9375,2.9375,334588000,AMZN,2.916537,3.375,0.0,-0.4375
1999-06-30,2.9124999046325684,3.231250047683716,2.875,3.128124952316284,3.128124952316284,338124000,AMZN,3.355073,2.6703128814697266,-0.4578120708465576,0.0
1999-07-15,3.375,3.5374999046325684,3.3343749046325684,3.489063024520874,3.489063024520874,455260000,AMZN,3.7507882,2.4312500953674316,-1.0578129291534424,0.0
1999-07-28,2.5496089458465576,2.653125047683716,2.4906249046325684,2.643749952316284,2.643749952316284,515672000,AMZN,2.8810368,2.828125,0.18437504768371582,0.0
1999-08-02,2.4593749046325684,2.5531249046325684,2.348438024520874,2.3499999046325684,2.3499999046325684,339356000,AMZN,2.5311022,2.9593749046325684,0.609375,0.0
1999-08-05,2.18906307220459,2.450000047683716,2.049999952316284,2.4312500953674316,2.4312500953674316,750340000,AMZN,2.6910326,3.2140629291534424,0.7828128337860107,0.0
1999-08-10,2.1343750953674316,2.304687976837158,2.049999952316284,2.2750000953674316,2.2750000953674316,463900000,AMZN,2.2312183,3.109375,0.0,-0.8343749046325684
1999-08-11,2.309375047683716,2.3812499046325684,2.129688024520874,2.273437976837158,2.273437976837158,513100000,AMZN,2.4538991,2.976562976837158,0.703125,0.0
1999-08-12,2.2750000953674316,2.393749952316284,2.234375,2.293750047683716,2.293750047683716,262816000,AMZN,2.6407192,3.003124952316284,0.7093749046325684,0.0
1999-08-23,2.898437976837158,3.012500047683716,2.893749952316284,2.9593749046325684,2.9593749046325684,384120000,AMZN,3.0714371,3.299999952316284,0.3406250476837158,0.0
1999-08-30,3.18906307220459,3.25,2.9468750953674316,2.981250047683716,2.981250047683716,369888000,AMZN,2.9546843,3.112499952316284,0.0,-0.13124990463256836
1999-08-31,2.9593749046325684,3.117187976837158,2.804687976837158,3.109375,3.109375,655848000,AMZN,3.1340868,3.299999952316284,0.19062495231628418,0.0
1999-09-03,3.1812500953674316,3.200000047683716,3.03125,3.121875047683716,3.121875047683716,328718000,AMZN,3.52316,3.128124952316284,0.006249904632568359,0.0
1999-09-10,3.296875,3.4000000953674316,3.2437500953674316,3.325000047683716,3.325000047683716,248418000,AMZN,3.5819402,3.862499952316284,0.5374999046325684,0.0
1999-10-01,3.8499999046325684,3.9625000953674316,3.832813024520874,3.862499952316284,3.862499952316284,208606000,AMZN,4.686918,3.9312500953674316,0.06875014305114746,0.0
1999-10-04,3.971874952316284,3.987499952316284,3.7874999046325684,3.8531250953674316,3.8531250953674316,195148000,AMZN,3.5045822,4.137499809265137,0.0,-0.2843747138977051
1999-10-05,3.856250047683716,3.987499952316284,3.737499952316284,3.921875,3.921875,328402000,AMZN,3.673899,4.0625,0.0,-0.140625
1999-10-13,4.125,4.25,3.9781250953674316,3.996875047683716,3.996875047683716,231236000,AMZN,3.989209,3.2906250953674316,0.0,0.7062499523162842
1999-10-15,3.793750047683716,3.8531250953674316,3.6968750953674316,3.753124952316284,3.753124952316284,243738000,AMZN,4.0614142,3.246875047683716,-0.5062499046325684,0.0
1999-10-20,3.9156250953674316,4.03125,3.817188024520874,4.025000095367432,4.025000095367432,154710000,AMZN,4.2898464,3.5999999046325684,-0.4250001907348633,0.0
1999-11-17,3.8968749046325684,4.0,3.7718749046325684,3.825000047683716,3.825000047683716,133148000,AMZN,3.9899194,5.181250095367432,1.3562500476837158,0.0
1999-11-18,3.8375000953674316,3.909374952316284,3.762500047683716,3.8968749046325684,3.8968749046325684,116208000,AMZN,3.9065537,5.334374904632568,1.4375,0.0
1999-12-22,5.028124809265137,5.028124809265137,4.775000095367432,4.884375095367432,4.884375095367432,118420000,AMZN,5.130127,3.296875,-1.5875000953674316,0.0
1999-12-23,4.900000095367432,4.949999809265137,4.453125,4.5,4.5,258292000,AMZN,4.529962,3.2125000953674316,-1.2874999046325684,0.0
2000-01-03,4.074999809265137,4.478125095367432,3.9523439407348633,4.46875,4.46875,322352000,AMZN,4.7875233,3.4625000953674316,-1.0062499046325684,0.0
2000-01-13,3.246875047683716,3.359375,3.15625,3.296875,3.296875,208962000,AMZN,3.2797449,3.928124904632569,0.0,-0.6312499046325688
2000-01-14,3.3375000953674316,3.4312500953674316,3.200000047683716,3.2125000953674316,3.2125000953674316,137072000,AMZN,3.4671779,3.75,0.5374999046325684,0.0
2000-01-21,3.231250047683716,3.231250047683716,3.0,3.1031250953674316,3.1031250953674316,229238000,AMZN,3.0060256,3.8093750476837154,0.0,-0.7062499523162837
2000-02-16,3.637500047683716,3.671875,3.53125,3.534374952316284,3.534374952316284,85204000,AMZN,3.8088436,3.440624952316284,-0.09375,0.0
2000-02-23,3.2437500953674316,3.5875000953674316,3.234375,3.5218749046325684,3.5218749046325684,168824000,AMZN,4.1258774,3.1875,-0.33437490463256836,0.0
2000-03-03,3.1624999046325684,3.237499952316284,3.1031250953674316,3.125,3.125,121190000,AMZN,3.6536298,3.6343750953674316,0.5093750953674316,0.0
2000-03-06,3.143749952316284,3.362499952316284,3.140625,3.1968750953674316,3.1968750953674316,153316000,AMZN,3.6674118,3.65625,0.45937490463256836,0.0
2000-03-17,3.3031249046325684,3.3187499046325684,3.2249999046325684,3.2406249046325684,3.2406249046325684,105970000,AMZN,3.700965,3.378124952316284,0.13750004768371582,0.0
2000-03-24,3.731250047683716,3.762500047683716,3.565624952316284,3.6343750953674316,3.6343750953674316,194920000,AMZN,4.0754776,2.34375,-1.2906250953674316,0.0
2000-04-06,3.171875,3.2750000953674316,3.09375,3.2125000953674316,3.2125000953674316,120654000,AMZN,3.6332853,2.7593750953674316,-0.453125,0.0
2000-04-26,2.6656250953674316,2.871875047683716,2.6226561069488525,2.674999952316284,2.674999952316284,240128000,AMZN,2.9851255,3.049999952316284,0.375,0.0
2000-05-08,2.840625047683716,2.9625000953674316,2.7718749046325684,2.800781011581421,2.800781011581421,79000000,AMZN,3.0686245,2.5875000953674316,-0.21328091621398926,0.0
2000-05-11,2.6968750953674316,2.7874999046325684,2.546875,2.7437500953674316,2.7437500953674316,111616000,AMZN,3.1895316,2.893749952316284,0.14999985694885254,0.0
2000-05-12,2.734375,2.825000047683716,2.65625,2.6875,2.6875,79392000,AMZN,3.0571506,2.7249999046325684,0.03749990463256836,0.0
2000-05-16,2.856250047683716,2.9937500953674316,2.799999952316284,2.953125,2.953125,128644000,AMZN,3.3780932,2.590625047683716,-0.3624999523162842,0.0
2000-05-17,2.859375,3.1187500953674316,2.8499999046325684,3.049999952316284,3.049999952316284,139972000,AMZN,3.2239647,2.59375,-0.4562499523162842,0.0
2000-05-19,2.731250047683716,2.7874999046325684,2.612499952316284,2.6312499046325684,2.6312499046325684,92218000,AMZN,2.7994344,2.421875,-0.20937490463256836,0.0
2000-05-30,2.3656249046325684,2.59375,2.3656249046325684,2.5875000953674316,2.5875000953674316,112264000,AMZN,2.966573,2.3062500953674316,-0.28125,0.0
2000-06-07,2.59375,2.609375,2.5062499046325684,2.590625047683716,2.590625047683716,76824000,AMZN,2.8952513,1.893749952316284,-0.6968750953674319,0.0
2000-06-09,2.596874952316284,2.6624999046325684,2.59375,2.609375,2.609375,38446000,AMZN,2.8680518,1.8156249523162842,-0.7937500476837158,0.0
2000-06-13,2.409374952316284,2.4749999046325684,2.3125,2.450000047683716,2.450000047683716,95770000,AMZN,2.7049084,1.8250000476837158,-0.625,0.0
2000-07-06,1.84375,1.868749976158142,1.7374999523162842,1.803125023841858,1.803125023841858,135342000,AMZN,1.924923,1.568750023841858,-0.234375,0.0
2000-07-11,1.759374976158142,1.7625000476837158,1.631250023841858,1.65625,1.65625,197930000,AMZN,1.7223415,1.5125000476837158,-0.14374995231628418,0.0
2000-07-19,2.075000047683716,2.078125,1.9500000476837158,2.043750047683716,2.043750047683716,94874000,AMZN,2.0989525,1.5437500476837158,-0.5,0.0
2000-07-20,2.046875,2.168750047683716,1.975000023841858,2.015625,2.015625,138914000,AMZN,2.245321,1.521875023841858,-0.4937499761581421,0.0
2000-07-25,1.837499976158142,1.9375,1.662500023841858,1.881250023841858,1.881250023841858,555050000,AMZN,1.9472725,1.8781249523162842,-0.0031250715255737305,0.0
2000-08-08,1.662500023841858,1.6687500476837158,1.6218750476837158,1.646875023841858,1.646875023841858,101012000,AMZN,1.813788,1.9812500476837158,0.3343750238418579,0.0
2000-08-16,1.8781249523162842,1.993749976158142,1.8765629529953003,1.931249976158142,1.931249976158142,196664000,AMZN,2.0689945,2.174999952316284,0.2437499761581421,0.0
2000-09-20,2.0218749046325684,2.0250000953674316,1.868749976158142,1.875,1.875,194896000,AMZN,2.279581,1.390625,-0.484375,0.0
2000-09-29,1.9500000476837158,2.0625,1.881250023841858,1.921875,1.921875,130342000,AMZN,2.3242226,1.540624976158142,-0.3812500238418579,0.0
2000-10-05,1.759374976158142,1.8312499523162842,1.600000023841858,1.678125023841858,1.678125023841858,139326000,AMZN,2.0660305,1.84375,0.1656249761581421,0.0
2000-10-13,1.212499976158142,1.443750023841858,1.1749999523162842,1.421875,1.421875,152668000,AMZN,1.7197309,1.8781249523162842,0.4562499523162842,0.0
2000-11-08,1.7999999523162842,1.850000023841858,1.662500023841858,1.693750023841858,1.693750023841858,116706000,AMZN,1.9253845,1.234375,-0.4593750238418579,0.0
2000-11-10,1.537500023841858,1.59375,1.5,1.5031249523162842,1.5031249523162842,105112000,AMZN,2.0124102,1.328125,-0.17499995231628418,0.0
2000-11-24,1.321094036102295,1.4562499523162842,1.303125023841858,1.446874976158142,1.446874976158142,152786000,AMZN,2.044254,1.1437499523162842,-0.3031250238418579,0.0
2000-12-06,1.234375,1.2999999523162842,1.181249976158142,1.181249976158142,1.181249976158142,176516000,AMZN,1.3501946,0.8687499761581421,-0.3125,0.0
2000-12-15,1.1124999523162842,1.212499976158142,1.100000023841858,1.1437499523162842,1.1437499523162842,174274000,AMZN,1.3621122,0.8187500238418579,-0.32499992847442627,0.0
2001-01-11,0.7875000238418579,0.8656250238418579,0.78125,0.8500000238418579,0.8500000238418579,255132000,AMZN,1.1666237,0.71875,-0.1312500238418579,0.0
2001-02-09,0.715624988079071,0.737500011920929,0.668749988079071,0.668749988079071,0.668749988079071,149080000,AMZN,0.7699348,0.6312500238418579,-0.037499964237213135,0.0
2001-02-23,0.59375,0.6031249761581421,0.5531250238418579,0.590624988079071,0.590624988079071,102998000,AMZN,0.93820935,0.550000011920929,-0.04062497615814209,0.0
2001-03-01,0.4937500059604645,0.534375011920929,0.47968798875808716,0.5218750238418579,0.5218750238418579,219934000,AMZN,0.93418515,0.5093749761581421,-0.01250004768371582,0.0
2001-03-05,0.6187499761581421,0.653124988079071,0.574999988079071,0.6312500238418579,0.6312500238418579,470014000,AMZN,1.0061091,0.546999990940094,-0.08425003290176392,0.0
2001-03-06,0.653905987739563,0.699999988079071,0.5625,0.59375,0.59375,463830000,AMZN,0.9500079,0.5820000171661377,-0.011749982833862305,0.0
2001-03-09,0.5718749761581421,0.625,0.5687500238418579,0.612500011920929,0.612500011920929,177134000,AMZN,0.6811603,0.5115000009536743,-0.10100001096725464,0.0
2001-03-16,0.53125,0.5531250238418579,0.512499988079071,0.550000011920929,0.550000011920929,139684000,AMZN,0.7247128,0.41850000619888306,-0.1315000057220459,0.0
2001-03-21,0.518750011920929,0.5218750238418579,0.5,0.5,0.5,110132000,AMZN,0.81953084,0.6660000085830688,0.16600000858306885,0.0
2001-03-23,0.528124988079071,0.5406249761581421,0.49687498807907104,0.5093749761581421,0.5093749761581421,75088000,AMZN,0.92793244,0.7014999985694885,0.19212502241134644,0.0
2001-04-10,0.5619999766349792,0.675000011920929,0.5600000023841858,0.6004999876022339,0.6004999876022339,377208000,AMZN,1.0525751,0.8554999828338623,0.2549999952316284,0.0
2001-04-12,0.6524999737739563,0.7505000233650208,0.6499999761581421,0.7335000038146973,0.7335000038146973,230600000,AMZN,1.0441625,0.878000020980835,0.1445000171661377,0.0
2001-04-16,0.7250000238418579,0.7269999980926514,0.6825000047683716,0.7014999985694885,0.7014999985694885,126202000,AMZN,0.9688958,0.8460000157356262,0.1445000171661377,0.0
2001-04-17,0.690500020980835,0.7434999942779541,0.6875,0.7369999885559082,0.7369999885559082,101470000,AMZN,0.93066216,0.8090000152587891,0.07200002670288086,0.0
2001-04-18,0.7829999923706055,0.9079999923706055,0.7774999737739563,0.8270000219345093,0.8270000219345093,391100000,AMZN,1.0497625,0.7505000233650208,-0.07649999856948853,0.0
2001-05-02,0.8569999933242798,0.8715000152587891,0.8420000076293945,0.8554999828338623,0.8554999828338623,149944000,AMZN,1.1372426,0.7799999713897705,-0.0755000114440918,0.0
2001-05-09,0.7774999737739563,0.7829999923706055,0.75,0.7505000233650208,0.7505000233650208,93420000,AMZN,1.1382954,0.8345000147819519,0.08399999141693115,0.0
2001-05-31,0.7919999957084656,0.8600000143051147,0.7875000238418579,0.8345000147819519,0.8345000147819519,192640000,AMZN,1.2189457,0.6539999842643738,-0.18050003051757812,0.0
2001-06-05,0.8529999852180481,0.8960000276565552,0.800000011920929,0.8220000267028809,0.8220000267028809,255162000,AMZN,1.0578362,0.6625000238418579,-0.15950000286102295,0.0
2001-06-21,0.6340000033378601,0.6600000262260437,0.6294999718666077,0.6539999842643738,0.6539999842643738,195548000,AMZN,1.0769585,0.8489999771118164,0.19499999284744263,0.0
2001-06-25,0.6355000138282776,0.6570000052452087,0.6284999847412109,0.640500009059906,0.640500009059906,138940000,AMZN,0.9524275,0.8174999952316284,0.1769999861717224,0.0
2001-07-02,0.7049999833106995,0.7354999780654907,0.6924999952316284,0.7264999747276306,0.7264999747276306,126690000,AMZN,0.96555674,0.6029999852180481,-0.12349998950958252,0.0
2001-07-16,0.847000002861023,0.8709999918937683,0.8004999756813049,0.8004999756813049,0.8004999756813049,146316000,AMZN,1.0944653,0.5950000286102295,-0.20549994707107544,0.0
2001-07-17,0.7919999957084656,0.8245000243186951,0.7914999723434448,0.8174999952316284,0.8174999952316284,74124000,AMZN,1.1434087,0.5799999833106995,-0.23750001192092896,0.0
2001-07-24,0.6809999942779541,0.699999988079071,0.5950000286102295,0.6029999852180481,0.6029999852180481,651458000,AMZN,0.86978316,0.5264999866485596,-0.07649999856948853,0.0
2001-07-26,0.5835000276565552,0.637499988079071,0.5615000128746033,0.6165000200271606,0.6165000200271606,210050000,AMZN,1.3945764,0.4905000030994415,-0.12600001692771917,0.0
2001-08-01,0.6365000009536743,0.6430000066757202,0.6085000038146973,0.625,0.625,110212000,AMZN,0.8456955,0.5099999904632568,-0.11500000953674316,0.0
2001-08-13,0.5049999952316284,0.5149999856948853,0.4884999990463257,0.5059999823570251,0.5059999823570251,96630000,AMZN,0.9615397,0.42950001358985906,-0.07649996876716608,0.0
2001-08-24,0.492000013589859,0.5149999856948853,0.4860000014305115,0.5115000009536743,0.5115000009536743,75598000,AMZN,0.86779267,0.3740000128746033,-0.137499988079071,0.0
2001-08-31,0.4350000023841858,0.4650000035762787,0.4345000088214874,0.44699999690055847,0.44699999690055847,72832000,AMZN,0.89591175,0.2985000014305115,-0.148499995470047,0.0
2001-09-18,0.37950000166893005,0.38749998807907104,0.36250001192092896,0.3644999861717224,0.3644999861717224,125418000,AMZN,0.7968711,0.3454999923706055,-0.018999993801116888,0.0
2001-09-20,0.3555000126361847,0.38199999928474426,0.35249999165534973,0.37400001287460327,0.37400001287460327,172618000,AMZN,0.7355991,0.39250001311302185,0.01850000023841858,0.0
2001-09-25,0.37450000643730164,0.3785000145435333,0.35100001096725464,0.3544999957084656,0.3544999957084656,97262000,AMZN,0.63399106,0.4779999852180481,0.12349998950958252,0.0
2001-10-05,0.34850001335144043,0.39500001072883606,0.3370000123977661,0.36000001430511475,0.36000001430511475,118018000,AMZN,0.5855994,0.3779999911785126,0.017999976873397827,0.0
2001-10-10,0.3449999988079071,0.36550000309944153,0.3400000035762787,0.3630000054836273,0.3630000054836273,61660000,AMZN,0.66839164,0.3490000069141388,-0.013999998569488525,0.0
2001-10-31,0.3395000100135803,0.35100001096725464,0.32749998569488525,0.3490000069141388,0.3490000069141388,154830000,AMZN,0.76316285,0.43999999761581426,0.09099999070167547,0.0
2001-11-13,0.3720000088214874,0.3765000104904175,0.36000001430511475,0.3644999861717224,0.3644999861717224,122726000,AMZN,0.62105656,0.5879999995231628,0.22350001335144043,0.0
2001-11-21,0.43700000643730164,0.44850000739097595,0.4020000100135803,0.4399999976158142,0.4399999976158142,179932000,AMZN,0.662377,0.5444999933242798,0.10449999570846558,0.0
2001-11-26,0.49149999022483826,0.6110000014305115,0.49000000953674316,0.6104999780654907,0.6104999780654907,1013784000,AMZN,1.0999968,0.5404999852180481,-0.06999999284744263,0.0
2001-11-27,0.6025000214576721,0.612500011920929,0.5609999895095825,0.5740000009536743,0.5740000009536743,686176000,AMZN,1.1938412,0.5429999828338623,-0.03100001811981201,0.0
2001-11-28,0.5619999766349792,0.6200000047683716,0.5590000152587891,0.5795000195503235,0.5795000195503235,970324000,AMZN,1.512404,0.5354999899864197,-0.04400002956390381,0.0
2001-12-05,0.6200000047683716,0.6399999856948853,0.5874999761581421,0.5879999995231628,0.5879999995231628,478244000,AMZN,0.9492507,0.5299999713897705,-0.058000028133392334,0.0
2001-12-10,0.5774999856948853,0.6075000166893005,0.5720000267028809,0.5824999809265137,0.5824999809265137,170318000,AMZN,0.6610644,0.5479999780654907,-0.03450000286102295,0.0
2001-12-12,0.6215000152587891,0.6215000152587891,0.5814999938011169,0.5954999923706055,0.5954999923706055,161502000,AMZN,0.9168262,0.612500011920929,0.017000019550323486,0.0
2001-12-14,0.5550000071525574,0.5600000023841858,0.5034999847412109,0.550000011920929,0.550000011920929,200492000,AMZN,0.79705864,0.5924999713897705,0.04249995946884155,0.0
2001-12-17,0.5550000071525574,0.5569999814033508,0.5090000033378601,0.5404999852180481,0.5404999852180481,171986000,AMZN,0.86942255,0.5764999985694885,0.03600001335144043,0.0
2001-12-28,0.5454999804496765,0.5540000200271606,0.534500002861023,0.5450000166893005,0.5450000166893005,205158000,AMZN,0.903715,0.6299999952316284,0.08499997854232788,0.0
2002-01-02,0.546500027179718,0.550000011920929,0.5239999890327454,0.5479999780654907,0.5479999780654907,130392000,AMZN,0.7729169,0.7005000114440918,0.15250003337860107,0.0
2002-02-05,0.5989999771118164,0.6144999861717224,0.5580000281333923,0.574999988079071,0.574999988079071,286314000,AMZN,0.8228663,0.7135000228881836,0.13850003480911255,0.0
2002-02-22,0.6524999737739563,0.6614999771118164,0.6349999904632568,0.6535000205039978,0.6535000205039978,157308000,AMZN,0.95255375,0.7014999985694885,0.04799997806549072,0.0
2002-02-25,0.6545000076293945,0.6869999766349792,0.6499999761581421,0.6865000128746033,0.6865000128746033,114694000,AMZN,1.0054203,0.7505000233650208,0.06400001049041748,0.0
2002-02-26,0.6754999756813049,0.7245000004768372,0.6725000143051147,0.7200000286102295,0.7200000286102295,166210000,AMZN,0.955489,0.7329999804496765,0.012999951839447021,0.0
2002-02-28,0.7145000100135803,0.737500011920929,0.6965000033378601,0.7049999833106995,0.7049999833106995,121048000,AMZN,1.023158,0.7584999799728394,0.05349999666213989,0.0
2002-03-06,0.7409999966621399,0.8295000195503235,0.7409999966621399,0.8165000081062317,0.8165000081062317,285254000,AMZN,1.0703633,0.7124999761581421,-0.1040000319480896,0.0
2002-03-11,0.8019999861717224,0.843999981880188,0.7929999828338623,0.8355000019073486,0.8355000019073486,132494000,AMZN,1.1081895,0.7124999761581421,-0.12300002574920654,0.0
2002-03-12,0.8174999952316284,0.8295000195503235,0.8019999861717224,0.815500020980835,0.815500020980835,112382000,AMZN,1.0744884,0.6834999918937683,-0.13200002908706665,0.0
2002-03-15,0.7135000228881836,0.7145000100135803,0.6775000095367432,0.7014999985694885,0.7014999985694885,246414000,AMZN,1.1051605,0.6974999904632568,-0.0040000081062316895,0.0
2002-03-26,0.7319999933242798,0.7724999785423279,0.7275000214576721,0.7415000200271606,0.7415000200271606,98502000,AMZN,1.0248022,0.7409999966621399,-0.000500023365020752,0.0
2002-03-28,0.7200000286102295,0.7325000166893005,0.7124999761581421,0.7149999737739563,0.7149999737739563,62450000,AMZN,1.2125885,0.7264999747276306,0.011500000953674316,0.0
2002-04-08,0.6485000252723694,0.6980000138282776,0.6480000019073486,0.6974999904632568,0.6974999904632568,105556000,AMZN,1.0461998,0.8090000152587891,0.11150002479553223,0.0
2002-04-09,0.703499972820282,0.7294999957084656,0.6779999732971191,0.6800000071525574,0.6800000071525574,129180000,AMZN,1.0855731,0.8345000147819519,0.15450000762939453,0.0
2002-04-30,0.8065000176429749,0.8379999995231628,0.796500027179718,0.8345000147819519,0.8345000147819519,128416000,AMZN,1.0664544,0.9380000233650208,0.10350000858306885,0.0
2002-05-01,0.8274999856948853,0.8525000214576721,0.8209999799728394,0.8245000243186951,0.8245000243186951,154026000,AMZN,1.111817,0.9375,0.11299997568130493,0.0
2002-05-03,0.8115000128746033,0.8199999928474426,0.7875000238418579,0.8025000095367432,0.8025000095367432,103220000,AMZN,1.1030078,0.9735000133514404,0.17100000381469727,0.0
2002-05-13,0.8585000038146973,0.8815000057220459,0.8424999713897705,0.8659999966621399,0.8659999966621399,134002000,AMZN,1.2159673,0.8985000252723694,0.03250002861022949,0.0
2002-05-15,0.9340000152587891,1.0199999809265137,0.9175000190734863,0.996999979019165,0.996999979019165,257962000,AMZN,1.3573921,0.9085000157356262,-0.08849996328353882,0.0
2002-05-28,0.9785000085830688,0.9804999828338623,0.9384999871253967,0.953000009059906,0.953000009059906,79066000,AMZN,1.2179,0.9390000104904175,-0.013999998569488525,0.0
2002-06-05,0.8989999890327454,0.9089999794960022,0.8725000023841858,0.8995000123977661,0.8995000123977661,87450000,AMZN,1.3078898,0.7925000190734863,-0.10699999332427979,0.0
2002-06-17,0.8475000262260437,0.9240000247955322,0.8429999947547913,0.9204999804496765,0.9204999804496765,181032000,AMZN,1.2659744,0.7799999713897705,-0.140500009059906,0.0
2002-06-20,0.9160000085830688,0.9190000295639038,0.8669999837875366,0.8774999976158142,0.8774999976158142,173940000,AMZN,1.13593,0.7714999914169312,-0.10600000619888306,0.0
2002-06-21,0.8799999952316284,0.8895000219345093,0.8669999837875366,0.8765000104904175,0.8765000104904175,103536000,AMZN,1.2496755,0.796999990940094,-0.07950001955032349,0.0
2002-06-26,0.734499990940094,0.796500027179718,0.734000027179718,0.7925000190734863,0.7925000190734863,165444000,AMZN,1.2402425,0.7774999737739563,-0.01500004529953003,0.0
2002-07-02,0.6800000071525574,0.7080000042915344,0.6499999761581421,0.6660000085830688,0.6660000085830688,173398000,AMZN,1.0099963,0.7049999833106995,0.038999974727630615,0.0
2002-07-08,0.7475000023841858,0.7925000190734863,0.734000027179718,0.746999979019165,0.746999979019165,117800000,AMZN,0.95170635,0.7164999842643738,-0.03049999475479126,0.0
2002-07-09,0.7524999976158142,0.8015000224113464,0.7490000128746033,0.7799999713897705,0.7799999713897705,150572000,AMZN,0.974449,0.7384999990463257,-0.041499972343444824,0.0
2002-07-15,0.7735000252723694,0.7990000247955322,0.75,0.796999990940094,0.796999990940094,120522000,AMZN,1.0788804,0.6434999704360962,-0.1535000205039978,0.0
2002-07-24,0.6184999942779541,0.7080000042915344,0.6129999756813049,0.7049999833106995,0.7049999833106995,395326000,AMZN,0.9642947,0.6955000162124634,-0.009499967098236084,0.0
2002-07-26,0.6359999775886536,0.6554999947547913,0.625,0.6464999914169312,0.6464999914169312,111134000,AMZN,1.1254979,0.7450000047683716,0.09850001335144043,0.0
2002-07-29,0.6625000238418579,0.7229999899864197,0.6614999771118164,0.7164999842643738,0.7164999842643738,140990000,AMZN,0.9778818,0.7749999761581421,0.05849999189376831,0.0
2002-08-01,0.715499997138977,0.7250000238418579,0.6995000243186951,0.7080000042915344,0.7080000042915344,121336000,AMZN,0.89633006,0.7864999771118164,0.07849997282028198,0.0
2002-08-19,0.7419999837875366,0.7760000228881836,0.7335000038146973,0.7749999761581421,0.7749999761581421,85542000,AMZN,1.0955651,0.8565000295639038,0.08150005340576172,0.0
2002-08-21,0.7975000143051147,0.7985000014305115,0.7599999904632568,0.7689999938011169,0.7689999938011169,145684000,AMZN,1.0933727,0.8374999761581421,0.06849998235702515,0.0
2002-09-03,0.7354999780654907,0.7515000104904175,0.7245000004768372,0.7300000190734863,0.7300000190734863,93604000,AMZN,1.0127295,0.796500027179718,0.06650000810623169,0.0
2002-09-05,0.7289999723434448,0.7360000014305115,0.7120000123977661,0.7124999761581421,0.7124999761581421,106404000,AMZN,1.0575947,0.8575000166893005,0.14500004053115845,0.0
2002-09-09,0.7559999823570251,0.8324999809265137,0.753000020980835,0.8255000114440918,0.8255000114440918,176450000,AMZN,1.1537216,0.796500027179718,-0.02899998426437378,0.0
2002-09-13,0.8345000147819519,0.8495000004768372,0.824999988079071,0.8305000066757202,0.8305000066757202,73098000,AMZN,1.185937,0.8274999856948853,-0.003000020980834961,0.0
2002-09-20,0.8725000023841858,0.8820000290870667,0.7724999785423279,0.7929999828338623,0.7929999828338623,252112000,AMZN,1.0442022,0.9229999780654907,0.12999999523162842,0.0
2002-09-24,0.7935000061988831,0.8184999823570251,0.7799999713897705,0.796500027179718,0.796500027179718,141458000,AMZN,1.2421464,0.947000026702881,0.15049999952316295,0.0
2002-10-07,0.8274999856948853,0.8479999899864197,0.8184999823570251,0.8320000171661377,0.8320000171661377,114962000,AMZN,1.1441803,0.9294999837875366,0.09749996662139893,0.0
2002-10-22,0.9505000114440918,0.9955000281333923,0.9449999928474426,0.968999981880188,0.968999981880188,172914000,AMZN,1.1837627,0.9909999966621399,0.022000014781951904,0.0
2002-10-23,0.9760000109672546,0.9909999966621399,0.968500018119812,0.987500011920929,0.987500011920929,132962000,AMZN,1.2874153,1.0204999446868896,0.03299993276596069,0.0
2002-11-04,0.9695000052452087,0.9904999732971191,0.9294999837875366,0.9390000104904175,0.9390000104904175,259270000,AMZN,1.109347,1.212499976158142,0.2734999656677246,0.0
2002-11-05,0.9315000176429749,0.9434999823570251,0.9100000262260437,0.9359999895095825,0.9359999895095825,158848000,AMZN,1.2858791,1.1699999570846558,0.23399996757507324,0.0
2002-11-08,0.9520000219345093,0.9829999804496765,0.940500020980835,0.9754999876022339,0.9754999876022339,140642000,AMZN,1.2746286,1.2055000066757202,0.23000001907348633,0.0
2002-11-14,1.0494999885559082,1.0744999647140503,1.0475000143051147,1.0605000257492065,1.0605000257492065,263546000,AMZN,1.519843,1.1304999589920044,0.06999993324279785,0.0
2002-11-18,1.1325000524520874,1.187000036239624,1.1074999570846558,1.121000051498413,1.121000051498413,506670000,AMZN,1.440772,1.093000054359436,-0.02799999713897705,0.0
2002-11-19,1.093999981880188,1.094499945640564,1.0614999532699585,1.0644999742507935,1.0644999742507935,245178000,AMZN,1.4394847,1.1065000295639038,0.04200005531311035,0.0
2002-11-20,1.0674999952316284,1.149999976158142,1.0609999895095825,1.1449999809265137,1.1449999809265137,265888000,AMZN,1.5685592,1.1150000095367432,-0.029999971389770508,0.0
2002-11-21,1.1664999723434448,1.1924999952316284,1.1605000495910645,1.1699999570846558,1.1699999570846558,225770000,AMZN,1.4439417,1.1089999675750732,-0.06099998950958252,0.0
2002-12-05,1.1829999685287476,1.184000015258789,1.1100000143051147,1.128999948501587,1.128999948501587,212852000,AMZN,1.3964516,0.9430000185966492,-0.18599992990493774,0.0
2002-12-16,1.1115000247955322,1.1265000104904175,1.1019999980926514,1.125499963760376,1.125499963760376,98814000,AMZN,1.4065121,1.0509999990463257,-0.07449996471405029,0.0
2002-12-24,1.1089999675750732,1.1139999628067017,1.093999981880188,1.093999981880188,1.093999981880188,46972000,AMZN,1.4409631,1.090000033378601,-0.003999948501586914,0.0
2003-01-07,1.0414999723434448,1.087499976158142,1.0299999713897705,1.0774999856948853,1.0774999856948853,191364000,AMZN,1.343329,1.1039999723434448,0.02649998664855957,0.0
2003-01-08,1.0720000267028809,1.0800000429153442,1.0410000085830688,1.0509999990463257,1.0509999990463257,139630000,AMZN,1.3375558,1.090999960899353,0.039999961853027344,0.0
2003-01-15,1.1295000314712524,1.1304999589920044,1.097000002861023,1.1134999990463257,1.1134999990463257,139788000,AMZN,1.3291143,1.1045000553131104,-0.008999943733215332,0.0
2003-01-21,1.0625,1.0805000066757202,1.0180000066757202,1.0540000200271606,1.0540000200271606,125862000,AMZN,1.3486729,1.0390000343322754,-0.014999985694885254,0.0
2003-01-23,1.0770000219345093,1.1019999980926514,1.0575000047683716,1.0894999504089355,1.0894999504089355,219960000,AMZN,1.4141062,1.003000020980835,-0.08649992942810059,0.0
2003-02-14,0.9994999766349792,1.0115000009536743,0.9854999780654907,1.003000020980835,1.003000020980835,132506000,AMZN,1.4097466,1.1440000534057617,0.14100003242492676,0.0
2003-02-21,1.0674999952316284,1.0915000438690186,1.0520000457763672,1.0889999866485596,1.0889999866485596,144156000,AMZN,1.3173301,1.2354999780654907,0.14649999141693115,0.0
2003-03-07,1.1160000562667847,1.1519999504089355,1.1130000352859497,1.1484999656677246,1.1484999656677246,116968000,AMZN,1.4679211,1.3589999675750732,0.21050000190734863,0.0
2003-03-20,1.3170000314712524,1.381500005722046,1.30649995803833,1.372499942779541,1.372499942779541,187524000,AMZN,1.6422141,1.2834999561309814,-0.08899998664855957,0.0
2003-04-07,1.3604999780654907,1.378000020980835,1.337499976158142,1.340999960899353,1.340999960899353,144608000,AMZN,1.6531689,1.4444999694824219,0.10350000858306885,0.0
2003-04-08,1.3394999504089355,1.340000033378601,1.3224999904632568,1.3259999752044678,1.3259999752044678,108072000,AMZN,1.5803001,1.434499979019165,0.10850000381469727,0.0
2003-04-09,1.3174999952316284,1.31850004196167,1.2419999837875366,1.253000020980835,1.253000020980835,239178000,AMZN,1.4689705,1.4329999685287476,0.1799999475479126,0.0
2003-04-14,1.2400000095367432,1.2575000524520874,1.225000023841858,1.252500057220459,1.252500057220459,208342000,AMZN,1.4977711,1.5440000295639038,0.2914999723434448,0.0
2003-04-23,1.3200000524520874,1.3274999856948853,1.2680000066757202,1.2714999914169312,1.2714999914169312,177002000,AMZN,1.601997,1.6299999952316284,0.35850000381469727,0.0
2003-04-30,1.4299999475479126,1.4500000476837158,1.4190000295639038,1.434499979019165,1.434499979019165,189000000,AMZN,1.4283352,1.587499976158142,0.0,-0.15299999713897705
2003-05-14,1.656999945640564,1.659500002861023,1.621999979019165,1.6299999952316284,1.6299999952316284,159864000,AMZN,1.9833175,1.7760000228881836,0.14600002765655518,0.0
2003-06-05,1.7580000162124634,1.7920000553131104,1.7304999828338623,1.7760000228881836,1.7760000228881836,143874000,AMZN,2.1063159,1.8359999656677246,0.059999942779541016,0.0
2003-06-25,1.7649999856948853,1.80649995803833,1.7575000524520874,1.7695000171661377,1.7695000171661377,133180000,AMZN,2.1201663,1.815999984741211,0.04649996757507324,0.0
2003-07-08,1.937999963760376,2.0415000915527344,1.9375,2.0255000591278076,2.0255000591278076,242908000,AMZN,2.2352138,2.069499969482422,0.04399991035461426,0.0
2003-07-09,2.0269999504089355,2.0364999771118164,1.993499994277954,2.0250000953674316,2.0250000953674316,156644000,AMZN,2.3667617,2.0329999923706055,0.007999897003173828,0.0
2003-07-16,1.9259999990463257,1.9259999990463257,1.8660000562667847,1.8839999437332153,1.8839999437332153,112512000,AMZN,2.1458225,1.9470000267028809,0.06300008296966553,0.0
2003-07-18,1.815999984741211,1.8424999713897705,1.7395000457763672,1.7489999532699585,1.7489999532699585,268058000,AMZN,2.0435944,1.9574999809265137,0.20850002765655518,0.0
2003-08-05,1.9620000123977661,1.9924999475479126,1.93149995803833,1.933500051498413,1.933500051498413,136324000,AMZN,2.206424,2.2964999675750732,0.36299991607666016,0.0
2003-08-07,1.9500000476837158,1.9670000076293945,1.9294999837875366,1.9505000114440918,1.9505000114440918,127910000,AMZN,2.2626188,2.296999931335449,0.3464999198913574,0.0
2003-08-11,1.9494999647140503,1.9520000219345093,1.9175000190734863,1.9464999437332153,1.9464999437332153,104782000,AMZN,2.166315,2.366499900817871,0.41999995708465576,0.0
2003-08-19,2.172499895095825,2.2095000743865967,2.1459999084472656,2.178499937057495,2.178499937057495,209786000,AMZN,2.5046852,2.311000108718872,0.13250017166137695,0.0
2003-08-26,2.2825000286102295,2.306999921798706,2.255500078201294,2.2964999675750732,2.2964999675750732,130848000,AMZN,2.596103,2.308000087738037,0.011500120162963867,0.0
2003-08-27,2.2885000705718994,2.303499937057495,2.263000011444092,2.2939999103546143,2.2939999103546143,90788000,AMZN,2.5876288,2.3945000171661377,0.10050010681152344,0.0
2003-09-10,2.312999963760376,2.3615000247955322,2.302999973297119,2.311000108718872,2.311000108718872,160058000,AMZN,2.594242,2.4560000896453857,0.14499998092651367,0.0
2003-09-11,2.309999942779541,2.317500114440918,2.2385001182556152,2.259500026702881,2.259500026702881,232262000,AMZN,2.5195055,2.504499912261963,0.24499988555908203,0.0
2003-10-01,2.4184999465942383,2.4639999866485596,2.375499963760376,2.4560000896453857,2.4560000896453857,251276000,AMZN,2.6385736,2.7014999389648438,0.245499849319458,0.0
2003-10-13,2.8970000743865967,2.934499979019165,2.871999979019165,2.9149999618530273,2.9149999618530273,166580000,AMZN,3.2068582,2.8369998931884766,-0.07800006866455078,0.0
2003-10-14,2.9049999713897705,2.999000072479248,2.890000104904175,2.995500087738037,2.995500087738037,199732000,AMZN,3.1024916,2.8429999351501465,-0.15250015258789062,0.0
2003-10-21,2.9865000247955322,3.057499885559082,2.950500011444092,2.9674999713897705,2.9674999713897705,342298000,AMZN,3.2177517,2.6115000247955322,-0.3559999465942383,0.0
2003-11-03,2.740000009536743,2.8399999141693115,2.7155001163482666,2.8369998931884766,2.8369998931884766,182622000,AMZN,3.1425571,2.566499948501587,-0.27049994468688965,0.0
2003-11-06,2.8405001163482666,2.8434998989105225,2.737499952316284,2.749500036239624,2.749500036239624,175836000,AMZN,2.9053586,2.698499917984009,-0.051000118255615234,0.0
2003-11-10,2.697499990463257,2.700000047683716,2.5869998931884766,2.5989999771118164,2.5989999771118164,182410000,AMZN,2.803837,2.696500062942505,0.09750008583068848,0.0
2003-11-11,2.5920000076293945,2.637500047683716,2.5380001068115234,2.6115000247955322,2.6115000247955322,218402000,AMZN,2.9154012,2.575500011444092,-0.03600001335144043,0.0
2003-11-17,2.5959999561309814,2.609499931335449,2.4790000915527344,2.5179998874664307,2.5179998874664307,259938000,AMZN,2.6220908,2.4670000076293945,-0.05099987983703613,0.0
2003-11-26,2.6414999961853027,2.677000045776367,2.5934998989105225,2.6480000019073486,2.6480000019073486,178154000,AMZN,2.812221,2.4375,-0.21050000190734863,0.0
2003-12-02,2.7249999046325684,2.737499952316284,2.692500114440918,2.696500062942505,2.696500062942505,124758000,AMZN,2.950422,2.624000072479248,-0.07249999046325684,0.0
2003-12-05,2.559999942779541,2.634999990463257,2.559999942779541,2.578000068664551,2.578000068664551,150030000,AMZN,2.965419,2.6735000610351562,0.09549999237060547,0.0
2003-12-09,2.558500051498413,2.5824999809265137,2.4649999141693115,2.4670000076293945,2.4670000076293945,209210000,AMZN,2.6611214,2.63100004196167,0.1640000343322754,0.0
2003-12-18,2.380500078201294,2.444499969482422,2.372499942779541,2.4375,2.4375,215014000,AMZN,2.840037,2.6475000381469727,0.21000003814697266,0.0
2003-12-23,2.500999927520752,2.63100004196167,2.4885001182556152,2.624000072479248,2.624000072479248,220080000,AMZN,2.8102305,2.809000015258789,0.18499994277954102,0.0
2003-12-24,2.615000009536743,2.694000005722046,2.6075000762939453,2.6659998893737793,2.6659998893737793,113196000,AMZN,2.91005,2.7860000133514404,0.12000012397766113,0.0
2004-01-02,2.638000011444092,2.6565001010894775,2.571500062942505,2.5950000286102295,2.5950000286102295,132798000,AMZN,2.8727717,2.8515000343322754,0.2565000057220459,0.0
2004-01-22,2.8405001163482666,2.8910000324249268,2.812000036239624,2.8589999675750732,2.8589999675750732,213444000,AMZN,3.089384,2.3529999256134033,-0.5060000419616699,0.0
2004-02-06,2.305500030517578,2.3364999294281006,2.2755000591278076,2.317500114440918,2.317500114440918,130162000,AMZN,2.613029,2.1484999656677246,-0.16900014877319336,0.0
2004-02-13,2.364500045776367,2.384999990463257,2.312000036239624,2.319000005722046,2.319000005722046,108634000,AMZN,2.4743881,2.174999952316284,-0.14400005340576172,0.0
2004-02-17,2.306999921798706,2.322499990463257,2.240000009536743,2.2764999866485596,2.2764999866485596,220764000,AMZN,2.3071666,2.135499954223633,-0.14100003242492676,0.0
2004-02-27,2.178499937057495,2.180000066757202,2.125999927520752,2.1505000591278076,2.1505000591278076,143272000,AMZN,2.3320656,2.140000104904175,-0.010499954223632812,0.0
2004-03-05,2.189500093460083,2.241499900817871,2.176500082015991,2.2044999599456787,2.2044999599456787,128530000,AMZN,2.4577503,2.0850000381469727,-0.11949992179870605,0.0
2004-03-10,2.135999917984009,2.1600000858306885,2.072999954223633,2.077500104904175,2.077500104904175,138654000,AMZN,2.3733606,2.1640000343322754,0.08649992942810059,0.0
2004-03-12,2.067500114440918,2.130500078201294,2.065000057220459,2.121999979019165,2.121999979019165,124476000,AMZN,2.4988148,2.304500102996826,0.18250012397766113,0.0
2004-03-19,2.1514999866485596,2.1875,2.131500005722046,2.140000104904175,2.140000104904175,115098000,AMZN,2.4332228,2.3980000019073486,0.25799989700317383,0.0
2004-03-22,2.0875000953674316,2.0924999713897705,2.0255000591278076,2.0425000190734863,2.0425000190734863,179502000,AMZN,2.20602,2.3289999961853027,0.2864999771118164,0.0
2004-04-07,2.309999942779541,2.3399999141693115,2.2695000171661377,2.2925000190734863,2.2925000190734863,91012000,AMZN,2.5446317,2.309499979019165,0.01699995994567871,0.0
2004-05-11,2.0959999561309814,2.1519999504089355,2.0950000286102295,2.134999990463257,2.134999990463257,151912000,AMZN,2.6152036,2.5174999237060547,0.38249993324279785,0.0
2004-05-13,2.122999906539917,2.2065000534057617,2.112499952316284,2.180500030517578,2.180500030517578,165224000,AMZN,2.4565604,2.547499895095825,0.36699986457824707,0.0
2004-05-21,2.063499927520752,2.0739998817443848,2.0274999141693115,2.058500051498413,2.058500051498413,105458000,AMZN,2.4011154,2.505500078201294,0.44700002670288086,0.0
2004-05-27,2.2634999752044678,2.3914999961853027,2.242500066757202,2.38100004196167,2.38100004196167,283504000,AMZN,2.5556514,2.4885001182556152,0.10750007629394531,0.0
2004-06-09,2.5810000896453857,2.5915000438690186,2.500499963760376,2.51200008392334,2.51200008392334,131588000,AMZN,2.6624808,2.628000020980835,0.11599993705749512,0.0
2004-06-16,2.504499912261963,2.5374999046325684,2.495500087738037,2.5285000801086426,2.5285000801086426,81952000,AMZN,2.8859334,2.4749999046325684,-0.05350017547607422,0.0
2004-06-24,2.549999952316284,2.5969998836517334,2.5344998836517334,2.5510001182556152,2.5510001182556152,135202000,AMZN,3.007605,2.3550000190734863,-0.1960000991821289,0.0
2004-06-30,2.680500030517578,2.734999895095825,2.6710000038146973,2.7200000286102295,2.7200000286102295,137982000,AMZN,3.055005,2.2909998893737793,-0.4290001392364502,0.0
2004-07-06,2.627500057220459,2.630000114440918,2.5244998931884766,2.562000036239624,2.562000036239624,123138000,AMZN,2.8732696,1.9555000066757204,-0.6065000295639036,0.0
2004-07-09,2.493499994277954,2.5,2.3910000324249268,2.4159998893737793,2.4159998893737793,160670000,AMZN,2.8815846,1.9459999799728396,-0.4699999094009397,0.0
2004-07-12,2.4110000133514404,2.4674999713897705,2.4014999866485596,2.452500104904175,2.452500104904175,141338000,AMZN,2.818481,1.9149999618530276,-0.5375001430511472,0.0
2004-07-16,2.44950008392334,2.453000068664551,2.3389999866485596,2.3550000190734863,2.3550000190734863,185738000,AMZN,2.5965896,1.7745000123977661,-0.5805000066757202,0.0
2004-07-22,2.185499906539917,2.303499937057495,2.181999921798706,2.2909998893737793,2.2909998893737793,327820000,AMZN,2.5034122,1.8144999742507935,-0.47649991512298584,0.0
2004-07-27,1.9600000381469727,1.9954999685287476,1.940000057220459,1.9555000066757202,1.9555000066757202,210698000,AMZN,2.6417685,1.9114999771118162,-0.04400002956390403,0.0
2004-08-09,1.7669999599456787,1.815000057220459,1.7424999475479126,1.7660000324249268,1.7660000324249268,183344000,AMZN,2.08322,1.9155000448226929,0.1495000123977661,0.0
2004-08-12,1.8125,1.8674999475479126,1.808500051498413,1.8144999742507935,1.8144999742507935,182362000,AMZN,2.0084796,1.9589999914169312,0.1445000171661377,0.0
2004-08-17,1.9285000562667847,1.972000002861023,1.8949999809265137,1.9114999771118164,1.9114999771118164,223260000,AMZN,2.1425555,1.9005000591278074,-0.010999917984009011,0.0
2004-08-19,2.013000011444092,2.0239999294281006,1.8174999952316284,1.93149995803833,1.93149995803833,253922000,AMZN,2.1362236,1.9285000562667847,-0.00299990177154541,0.0
2004-08-24,1.9859999418258667,1.996500015258789,1.9160000085830688,1.9524999856948853,1.9524999856948853,152808000,AMZN,2.0679164,2.1105000972747803,0.15800011157989502,0.0
2004-08-25,1.9529999494552612,2.0244998931884766,1.9079999923706055,2.015000104904175,2.015000104904175,145096000,AMZN,2.2287266,2.128499984741211,0.11349987983703613,0.0
2004-08-31,1.9190000295639038,1.9424999952316284,1.8930000066757202,1.906999945640564,1.906999945640564,122864000,AMZN,2.2176383,2.069000005722046,0.16200006008148193,0.0
2004-09-03,1.9505000114440918,2.000499963760376,1.9320000410079956,1.937000036239624,1.937000036239624,104578000,AMZN,2.2568421,1.9965000152587893,0.05949997901916526,0.0
2004-09-08,1.9244999885559082,1.940500020980835,1.8854999542236328,1.9005000591278076,1.9005000591278076,132226000,AMZN,2.198253,2.0420000553131104,0.14149999618530273,0.0
2004-09-15,2.1024999618530273,2.1589999198913574,2.0934998989105225,2.1105000972747803,2.1105000972747803,222716000,AMZN,2.45951,2.068000078201294,-0.04250001907348633,0.0
2004-09-27,2.0455000400543213,2.05049991607666,1.9874999523162842,1.996500015258789,1.996500015258789,167948000,AMZN,2.2111044,1.9635000228881834,-0.03299999237060569,0.0
2004-09-29,1.972499966621399,2.0460000038146973,1.968000054359436,2.0420000553131104,2.0420000553131104,198376000,AMZN,2.4447148,1.9175000190734863,-0.12450003623962402,0.0
2004-10-22,1.8109999895095825,1.840000033378601,1.649999976158142,1.7300000190734863,1.7300000190734863,670886000,AMZN,1.944716,2.0230000019073486,0.2929999828338623,0.0
2004-10-25,1.7000000476837158,1.7204999923706055,1.6859999895095825,1.6985000371932983,1.6985000371932983,210636000,AMZN,2.510974,2.0445001125335693,0.346000075340271,0.0
2004-10-26,1.7074999809265137,1.7130000591278076,1.6755000352859497,1.691499948501587,1.691499948501587,194850000,AMZN,2.2385094,2.003499984741211,0.312000036239624,0.0
2004-11-05,1.8650000095367432,1.8695000410079956,1.8009999990463257,1.8279999494552612,1.8279999494552612,147982000,AMZN,2.0874064,1.9470000267028809,0.11900007724761963,0.0
2004-11-15,2.0230000019073486,2.075000047683716,2.009000062942505,2.0445001125335693,2.0445001125335693,207324000,AMZN,2.2788455,1.909999966621399,-0.1345001459121704,0.0
2004-11-16,2.0250000953674316,2.0329999923706055,1.9874999523162842,2.003499984741211,2.003499984741211,128026000,AMZN,2.2708547,1.9359999895095827,-0.0674999952316282,0.0
2004-11-19,1.9574999809265137,1.972000002861023,1.909500002861023,1.9275000095367432,1.9275000095367432,228550000,AMZN,2.0857873,1.9915000200271606,0.06400001049041748,0.0
2004-11-22,1.9220000505447388,1.9264999628067017,1.878999948501587,1.902500033378601,1.902500033378601,177372000,AMZN,2.2836378,2.0220000743865967,0.1195000410079956,0.0
2004-11-29,1.9800000190734863,1.9809999465942383,1.8854999542236328,1.9470000267028809,1.9470000267028809,197482000,AMZN,2.0949535,1.9474999904632568,0.0004999637603759766,0.0
2004-12-01,2.0,2.0,1.962499976158142,1.9989999532699585,1.9989999532699585,155120000,AMZN,2.314948,1.97599995136261,-0.02300000190734841,0.0
2004-12-06,1.9865000247955322,1.9989999532699585,1.9574999809265137,1.9744999408721924,1.9744999408721924,121760000,AMZN,2.2819033,2.2314999103546143,0.2569999694824219,0.0
2004-12-10,1.9769999980926514,2.005000114440918,1.9500000476837158,1.9524999856948853,1.9524999856948853,110214000,AMZN,2.2875214,2.2260000705718994,0.27350008487701416,0.0
2004-12-16,2.0429999828338623,2.049999952316284,1.9854999780654907,2.002500057220459,2.002500057220459,108298000,AMZN,2.2928004,2.115999937057495,0.11349987983703613,0.0
2004-12-17,2.007999897003174,2.010999917984009,1.993499994277954,2.000499963760376,2.000499963760376,109720000,AMZN,2.312835,2.0920000076293945,0.09150004386901855,0.0
2005-01-14,2.1449999809265137,2.2330000400543213,2.118000030517578,2.2274999618530273,2.2274999618530273,250660000,AMZN,2.5551033,1.784500002861023,-0.4429999589920044,0.0
2005-01-19,2.2235000133514404,2.236999988555908,2.1714999675750732,2.197999954223633,2.197999954223633,147934000,AMZN,2.3545702,1.7944999933242798,-0.403499960899353,0.0
2005-01-26,2.059000015258789,2.0899999141693115,2.013000011444092,2.066999912261963,2.066999912261963,154298000,AMZN,2.3824008,1.7829999923706055,-0.2839999198913574,0.0
2005-01-28,2.1045000553131104,2.1500000953674316,2.0764999389648438,2.1110000610351562,2.1110000610351562,123048000,AMZN,2.3523273,1.7654999494552612,-0.345500111579895,0.0
2005-02-01,2.1500000953674316,2.1635000705718994,2.11899995803833,2.124000072479248,2.124000072479248,135230000,AMZN,2.3032072,1.7070000171661377,-0.41700005531311035,0.0
2005-02-02,2.1524999141693115,2.177000045776367,2.0429999828338623,2.0940001010894775,2.0940001010894775,526472000,AMZN,2.2373087,1.7345000505447388,-0.35950005054473877,0.0
2005-02-04,1.7825000286102295,1.7990000247955322,1.7595000267028809,1.7860000133514404,1.7860000133514404,346094000,AMZN,3.0695548,1.7589999437332153,-0.027000069618225098,0.0
2005-02-07,1.7910000085830688,1.7920000553131104,1.777500033378601,1.784500002861023,1.784500002861023,142248000,AMZN,2.8551424,1.7695000171661377,-0.014999985694885254,0.0
2005-02-09,1.8224999904632568,1.840000033378601,1.7934999465942383,1.7944999933242798,1.7944999933242798,158776000,AMZN,1.8170478,1.7825000286102295,-0.011999964714050293,0.0
2005-02-10,1.8035000562667847,1.8055000305175781,1.7764999866485596,1.7890000343322754,1.7890000343322754,159648000,AMZN,1.8980155,1.7925000190734863,0.0034999847412109375,0.0
2005-02-22,1.7510000467300415,1.7695000171661377,1.7254999876022339,1.7359999418258667,1.7359999418258667,137114000,AMZN,1.8237044,1.7089999914169312,-0.026999950408935547,0.0
2005-02-23,1.747499942779541,1.7484999895095825,1.659999966621399,1.7070000171661377,1.7070000171661377,210008000,AMZN,1.8660705,1.69350004196167,-0.013499975204467773,0.0
2005-02-24,1.6829999685287476,1.7424999475479126,1.6829999685287476,1.7345000505447388,1.7345000505447388,167784000,AMZN,2.1062763,1.6985000371932983,-0.03600001335144043,0.0
2005-03-09,1.7869999408721924,1.7964999675750732,1.7450000047683716,1.7699999809265137,1.7699999809265137,148246000,AMZN,2.0232062,1.7135000228881836,-0.05649995803833008,0.0
2005-03-15,1.7289999723434448,1.7424999475479126,1.6950000524520874,1.7089999914169312,1.7089999914169312,101412000,AMZN,2.029095,1.7410000562667847,0.032000064849853516,0.0
2005-03-16,1.694000005722046,1.722000002861023,1.6799999475479126,1.69350004196167,1.69350004196167,107400000,AMZN,2.0060241,1.7450000047683716,0.05149996280670166,0.0
2005-03-24,1.6699999570846558,1.694000005722046,1.6434999704360962,1.6440000534057617,1.6440000534057617,106746000,AMZN,2.0160017,1.6510000228881836,0.006999969482421875,0.0
2005-03-28,1.6549999713897705,1.6825000047683716,1.6510000228881836,1.6694999933242798,1.6694999933242798,86532000,AMZN,2.0345974,1.649999976158142,-0.019500017166137695,0.0
2005-04-18,1.6449999809265137,1.6790000200271606,1.6419999599456787,1.649999976158142,1.649999976158142,138340000,AMZN,2.040295,1.7319999933242798,0.0820000171661377,0.0
2005-04-26,1.6714999675750732,1.6990000009536743,1.628999948501587,1.6354999542236328,1.6354999542236328,279386000,AMZN,1.8664995,1.7365000247955322,0.10100007057189941,0.0
2005-05-02,1.6150000095367432,1.6640000343322754,1.6050000190734863,1.6549999713897705,1.6549999713897705,181960000,AMZN,1.869305,1.784000039100647,0.12900006771087646,0.0
2005-05-12,1.684999942779541,1.7059999704360962,1.6775000095367432,1.6924999952316284,1.6924999952316284,120100000,AMZN,1.9633622,1.7795000076293945,0.08700001239776611,0.0
2005-05-13,1.6994999647140503,1.7174999713897705,1.690000057220459,1.6950000524520874,1.6950000524520874,79836000,AMZN,2.019485,1.7884999513626099,0.09349989891052246,0.0
2005-06-22,1.774999976158142,1.7925000190734863,1.7569999694824219,1.7610000371932983,1.7610000371932983,50146000,AMZN,2.1546319,1.8595000505447388,0.09850001335144043,0.0
2005-06-29,1.684999942779541,1.7035000324249268,1.6634999513626099,1.6675000190734863,1.6675000190734863,96266000,AMZN,2.0972326,1.8975000381469727,0.23000001907348633,0.0
2005-07-05,1.6749999523162842,1.7239999771118164,1.6725000143051147,1.7039999961853027,1.7039999961853027,147676000,AMZN,2.0536513,1.8869999647140503,0.18299996852874756,0.0
2005-07-27,2.1005001068115234,2.187000036239624,2.0920000076293945,2.182499885559082,2.182499885559082,921512000,AMZN,2.6666963,2.2060000896453857,0.02350020408630371,0.0
2005-08-10,2.2695000171661377,2.2785000801086426,2.2295000553131104,2.23799991607666,2.23799991607666,198424000,AMZN,2.4058826,2.134999990463257,-0.10299992561340332,0.0
2005-08-18,2.194000005722046,2.194999933242798,2.17549991607666,2.186500072479248,2.186500072479248,72086000,AMZN,2.4901135,2.1475000381469727,-0.03900003433227539,0.0
2005-08-31,2.121999979019165,2.140500068664551,2.1019999980926514,2.134999990463257,2.134999990463257,67384000,AMZN,2.4997523,2.1040000915527344,-0.03099989891052246,0.0
2005-09-01,2.125999927520752,2.1484999656677246,2.0875000953674316,2.0920000076293945,2.0920000076293945,88580000,AMZN,2.4315028,2.109499931335449,0.017499923706054688,0.0
2005-09-02,2.0999999046325684,2.1024999618530273,2.052000045776367,2.075500011444092,2.075500011444092,80542000,AMZN,2.4333022,2.1670000553131104,0.09150004386901855,0.0
2005-09-22,2.059999942779541,2.1135001182556152,2.0250000953674316,2.1040000915527344,2.1040000915527344,116760000,AMZN,2.435134,2.13100004196167,0.026999950408935547,0.0
2005-09-28,2.1624999046325684,2.187000036239624,2.1494998931884766,2.1684999465942383,2.1684999465942383,64794000,AMZN,2.4921076,2.2929999828338623,0.12450003623962402,0.0
2005-10-10,2.190999984741211,2.2190001010894775,2.178999900817871,2.187999963760376,2.187999963760376,73606000,AMZN,2.5392733,1.993000030517578,-0.19499993324279807,0.0
2005-10-13,2.121500015258789,2.1489999294281006,2.0950000286102295,2.13100004196167,2.13100004196167,76656000,AMZN,2.5154092,2.078000068664551,-0.05299997329711914,0.0
2005-10-14,2.1500000953674316,2.19350004196167,2.117000102996826,2.189500093460083,2.189500093460083,91552000,AMZN,2.5791044,2.054500102996826,-0.13499999046325684,0.0
2005-10-28,1.9774999618530273,1.9824999570846558,1.9359999895095825,1.9474999904632568,1.9474999904632568,123184000,AMZN,2.622931,2.3989999294281006,0.45149993896484375,0.0
2005-11-01,1.9984999895095825,2.0369999408721924,1.9824999570846558,2.0185000896453857,2.0185000896453857,107660000,AMZN,2.2714534,2.442500114440918,0.4240000247955322,0.0
2005-11-11,2.118499994277954,2.1519999504089355,2.112499952316284,2.134000062942505,2.134000062942505,79644000,AMZN,2.4257512,2.441499948501587,0.30749988555908203,0.0
2005-12-06,2.453000068664551,2.494999885559082,2.453000068664551,2.4630000591278076,2.4630000591278076,191628000,AMZN,2.663083,2.4030001163482666,-0.059999942779541016,0.0
2005-12-07,2.4655001163482666,2.4735000133514404,2.4144999980926514,2.441499948501587,2.441499948501587,135936000,AMZN,2.7169414,2.3994998931884766,-0.04200005531311035,0.0
2005-12-09,2.432499885559082,2.4519999027252197,2.4124999046325684,2.437000036239624,2.437000036239624,94180000,AMZN,2.830128,2.378999948501587,-0.05800008773803711,0.0
2005-12-12,2.4574999809265137,2.4649999141693115,2.431999921798706,2.4535000324249268,2.4535000324249268,68486000,AMZN,2.8136094,2.362499952316284,-0.09100008010864258,0.0
2005-12-19,2.44950008392334,2.5,2.4159998893737793,2.4184999465942383,2.4184999465942383,166174000,AMZN,2.7168405,2.246500015258789,-0.17199993133544922,0.0
2005-12-20,2.4230000972747803,2.430000066757202,2.384000062942505,2.4070000648498535,2.4070000648498535,110704000,AMZN,2.8194473,2.2179999351501465,-0.18900012969970703,0.0
2005-12-22,2.444999933242798,2.4639999866485596,2.4179999828338623,2.4609999656677246,2.4609999656677246,88436000,AMZN,2.8401308,2.200000047683716,-0.2609999179840088,0.0
2005-12-27,2.444999933242798,2.4549999237060547,2.4179999828338623,2.427999973297119,2.427999973297119,116374000,AMZN,2.6477866,2.2225000858306885,-0.20549988746643066,0.0
2006-01-11,2.2825000286102295,2.2850000858306885,2.2130000591278076,2.246500015258789,2.246500015258789,169944000,AMZN,2.6348884,2.13700008392334,-0.10949993133544922,0.0
2006-01-13,2.2235000133514404,2.242500066757202,2.200000047683716,2.2200000286102295,2.2200000286102295,88644000,AMZN,2.6029758,1.8975000381469727,-0.32249999046325684,0.0
2006-01-23,2.2090001106262207,2.237499952316284,2.174999952316284,2.186500072479248,2.186500072479248,115056000,AMZN,2.5270996,1.8930000066757204,-0.2935000658035276,0.0
2006-01-26,2.197499990463257,2.239000082015991,2.189500093460083,2.2339999675750732,2.2339999675750732,97790000,AMZN,2.4820905,1.9574999809265137,-0.27649998664855957,0.0
2006-02-07,1.9045000076293945,1.909999966621399,1.8600000143051147,1.8760000467300415,1.8760000467300415,148072000,AMZN,2.4698231,1.8559999465942383,-0.020000100135803223,0.0
2006-02-10,1.8990000486373901,1.9259999990463257,1.868499994277954,1.9259999990463257,1.9259999990463257,100236000,AMZN,2.0896385,1.843000054359436,-0.08299994468688965,0.0
2006-03-02,1.781999945640564,1.850000023841858,1.7684999704360962,1.843999981880188,1.843999981880188,231674000,AMZN,2.0772376,1.784000039100647,-0.059999942779541016,0.0
2006-03-03,1.844499945640564,1.8914999961853027,1.8335000276565552,1.8604999780654907,1.8604999780654907,120898000,AMZN,2.337752,1.7734999656677246,-0.08700001239776611,0.0
2006-03-08,1.8359999656677246,1.8734999895095825,1.8305000066757202,1.840499997138977,1.840499997138977,124732000,AMZN,2.1073651,1.815999984741211,-0.024500012397766113,0.0
2006-03-09,1.840000033378601,1.8480000495910645,1.7949999570846558,1.805999994277954,1.805999994277954,144002000,AMZN,2.0911493,1.8335000276565552,0.027500033378601074,0.0
2006-03-15,1.847499966621399,1.850000023841858,1.8214999437332153,1.844499945640564,1.844499945640564,56030000,AMZN,2.1497927,1.8669999837875366,0.022500038146972656,0.0
2006-03-16,1.8539999723434448,1.8695000410079956,1.8370000123977661,1.8385000228881836,1.8385000228881836,96456000,AMZN,2.112547,1.9255000352859497,0.08700001239776611,0.0
2006-03-24,1.7860000133514404,1.805999994277954,1.7654999494552612,1.7734999656677246,1.7734999656677246,73640000,AMZN,2.1058688,1.7634999752044678,-0.009999990463256836,0.0
2006-04-05,1.8329999446868896,1.8669999837875366,1.8135000467300415,1.8669999837875366,1.8669999837875366,111190000,AMZN,2.186137,1.7869999408721924,-0.08000004291534424,0.0
2006-04-10,1.8574999570846558,1.8639999628067017,1.8109999895095825,1.8305000066757202,1.8305000066757202,94950000,AMZN,2.1421156,1.718999981880188,-0.11150002479553223,0.0
2006-04-12,1.7955000400543213,1.8220000267028809,1.7955000400543213,1.80649995803833,1.80649995803833,57116000,AMZN,2.2527385,1.7235000133514404,-0.08299994468688965,0.0
2006-05-05,1.7324999570846558,1.7519999742507935,1.7074999809265137,1.7519999742507935,1.7519999742507935,114818000,AMZN,2.0701628,1.8035000562667847,0.05150008201599121,0.0
2006-06-02,1.7595000267028809,1.7610000371932983,1.7024999856948853,1.7380000352859497,1.7380000352859497,108858000,AMZN,2.0277715,1.8274999856948853,0.08949995040893555,0.0
2006-06-12,1.7000000476837158,1.722499966621399,1.6744999885559082,1.6799999475479126,1.6799999475479126,83916000,AMZN,2.032679,1.9305000305175781,0.2505000829696655,0.0
2006-06-20,1.750499963760376,1.7825000286102295,1.74399995803833,1.7740000486373901,1.7740000486373901,89310000,AMZN,2.0568063,1.7315000295639038,-0.04250001907348633,0.0
2006-06-30,1.9290000200271606,1.9420000314712524,1.8914999961853027,1.934000015258789,1.934000015258789,103824000,AMZN,2.275456,1.715499997138977,-0.218500018119812,0.0
2006-07-06,1.8535000085830688,1.8869999647140503,1.8259999752044678,1.840000033378601,1.840000033378601,87454000,AMZN,2.2346475,1.3279999494552612,-0.5120000839233398,0.0
2006-07-07,1.8355000019073486,1.8639999628067017,1.787500023841858,1.8055000305175781,1.8055000305175781,100082000,AMZN,2.2167225,1.3585000038146973,-0.44700002670288086,0.0
2006-07-10,1.815000057220459,1.8350000381469727,1.7699999809265137,1.7894999980926514,1.7894999980926514,77534000,AMZN,2.2245905,1.344499945640564,-0.4450000524520874,0.0
2006-07-11,1.7869999408721924,1.7960000038146973,1.750499963760376,1.7829999923706055,1.7829999923706055,121772000,AMZN,2.145902,1.315999984741211,-0.46700000762939453,0.0
2006-07-17,1.6395000219345093,1.6964999437332153,1.6395000219345093,1.683500051498413,1.683500051498413,143946000,AMZN,2.147723,1.3389999866485596,-0.3445000648498535,0.0
2006-07-21,1.6924999952316284,1.6985000371932983,1.6460000276565552,1.659500002861023,1.659500002861023,142732000,AMZN,1.920293,1.3035000562667847,-0.3559999465942383,0.0
2006-07-25,1.7000000476837158,1.7079999446868896,1.6694999933242798,1.6794999837875366,1.6794999837875366,344600000,AMZN,1.9155619,1.3884999752044678,-0.29100000858306885,0.0
2006-08-04,1.347000002861023,1.3795000314712524,1.340000033378601,1.3645000457763672,1.3645000457763672,205048000,AMZN,1.6292219,1.4014999866485596,0.03699994087219238,0.0
2006-08-18,1.4544999599456787,1.4615000486373901,1.4110000133514404,1.4559999704360962,1.4559999704360962,119972000,AMZN,1.6766363,1.5394999980926514,0.08350002765655518,0.0
2006-08-23,1.4279999732971191,1.4444999694824219,1.3884999752044678,1.406999945640564,1.406999945640564,94528000,AMZN,1.6935662,1.5824999809265137,0.1755000352859497,0.0
2006-08-24,1.4119999408721924,1.412500023841858,1.3769999742507935,1.3984999656677246,1.3984999656677246,90338000,AMZN,1.7106222,1.6260000467300415,0.2275000810623169,0.0
2006-08-25,1.3895000219345093,1.4114999771118164,1.38100004196167,1.4014999866485596,1.4014999866485596,70852000,AMZN,1.743869,1.6039999723434448,0.20249998569488525,0.0
2006-08-29,1.4485000371932983,1.4859999418258667,1.4375,1.4759999513626099,1.4759999513626099,147962000,AMZN,1.7448354,1.6059999465942383,0.12999999523162842,0.0
2006-08-31,1.537500023841858,1.5494999885559082,1.5234999656677246,1.5414999723434448,1.5414999723434448,118940000,AMZN,1.9336854,1.5420000553131104,0.0005000829696655273,0.0
2006-09-06,1.5880000591278076,1.5989999771118164,1.5325000286102295,1.5399999618530273,1.5399999618530273,182282000,AMZN,1.8206754,1.6165000200271606,0.0765000581741333,0.0
2006-09-15,1.5950000286102295,1.6369999647140503,1.5789999961853027,1.6260000467300415,1.6260000467300415,205474000,AMZN,1.8637555,1.6295000314712524,0.0034999847412109375,0.0
2006-09-28,1.6134999990463257,1.6165000200271606,1.5609999895095825,1.5920000076293945,1.5920000076293945,149988000,AMZN,1.7744185,1.6269999742507935,0.034999966621398926,0.0
2006-10-04,1.587499976158142,1.6414999961853027,1.565000057220459,1.6380000114440918,1.6380000114440918,141296000,AMZN,2.058833,1.8839999437332153,0.24599993228912354,0.0
2006-10-06,1.6575000286102295,1.6610000133514404,1.625,1.6295000314712524,1.6295000314712524,84384000,AMZN,1.9264699,1.9119999408721924,0.28249990940093994,0.0
2006-10-12,1.6549999713897705,1.6855000257492065,1.631500005722046,1.6775000095367432,1.6775000095367432,119794000,AMZN,2.0575817,1.872499942779541,0.19499993324279785,0.0
2006-10-13,1.6675000190734863,1.6790000200271606,1.6540000438690186,1.6660000085830688,1.6660000085830688,81346000,AMZN,2.0208588,1.8730000257492065,0.2070000171661377,0.0
2006-10-17,1.6100000143051147,1.6304999589920044,1.587499976158142,1.6234999895095825,1.6234999895095825,132714000,AMZN,1.9241729,1.9385000467300415,0.315000057220459,0.0
2006-10-19,1.6085000038146973,1.6419999599456787,1.6050000190734863,1.6269999742507935,1.6269999742507935,80752000,AMZN,1.9748652,1.9420000314712522,0.31500005722045876,0.0
2006-11-06,1.8819999694824219,1.9175000190734863,1.8765000104904175,1.9105000495910645,1.9105000495910645,90818000,AMZN,2.2169387,2.0460000038146973,0.1354999542236328,0.0
2006-11-07,1.909999966621399,1.9500000476837158,1.9019999504089355,1.9385000467300415,1.9385000467300415,154902000,AMZN,2.159756,2.0315001010894775,0.09300005435943604,0.0
2006-11-17,2.127500057220459,2.133500099182129,2.1110000610351562,2.127500057220459,2.127500057220459,130604000,AMZN,2.458915,1.9344999790191653,-0.19300007820129372,0.0
2006-11-22,2.125,2.1489999294281006,2.1089999675750732,2.1480000019073486,2.1480000019073486,90712000,AMZN,2.468121,1.9509999752044678,-0.19700002670288086,0.0
2006-12-01,2.013000011444092,2.0269999504089355,1.9544999599456787,1.9704999923706055,1.9704999923706055,166122000,AMZN,2.3092723,2.01200008392334,0.041500091552734375,0.0
2006-12-05,1.9565000534057617,1.965000033378601,1.9359999895095825,1.9490000009536743,1.9490000009536743,114754000,AMZN,2.4011407,2.0144999027252197,0.06549990177154541,0.0
2006-12-15,1.968999981880188,2.009500026702881,1.9615000486373901,2.000499963760376,2.000499963760376,163070000,AMZN,2.3018658,1.8574999570846558,-0.14300000667572021,0.0
2006-12-20,1.971500039100647,2.015000104904175,1.969499945640564,2.000499963760376,2.000499963760376,155686000,AMZN,2.3658783,1.9329999685287473,-0.06749999523162864,0.0
2007-01-08,1.9110000133514404,1.9155000448226929,1.8585000038146973,1.875,1.875,135660000,AMZN,2.2076535,1.8524999618530273,-0.022500038146972656,0.0
2007-01-17,1.934999942779541,1.9500000476837158,1.8890000581741333,1.8940000534057617,1.8940000534057617,100536000,AMZN,2.1787808,1.9490000009536743,0.0549999475479126,0.0
2007-01-19,1.8344999551773071,1.8739999532699585,1.8300000429153442,1.8509999513626099,1.8509999513626099,121918000,AMZN,2.264573,1.9359999895095827,0.08500003814697288,0.0
2007-01-24,1.8255000114440918,1.8680000305175781,1.8250000476837158,1.8630000352859497,1.8630000352859497,105434000,AMZN,2.2023997,2.006999969482422,0.14399993419647217,0.0
2007-01-31,1.847499966621399,1.909500002861023,1.8380000591278076,1.8834999799728394,1.8834999799728394,145550000,AMZN,2.1968682,2.049999952316284,0.16649997234344482,0.0
2007-02-01,1.8975000381469727,1.965000033378601,1.8925000429153442,1.934999942779541,1.934999942779541,522462000,AMZN,2.1958873,2.0390000343322754,0.10400009155273438,0.0
2007-02-08,1.9474999904632568,1.9754999876022339,1.933500051498413,1.9550000429153442,1.9550000429153442,109672000,AMZN,2.192743,1.8845000267028809,-0.07050001621246338,0.0
2007-02-14,1.9615000486373901,2.0139999389648438,1.9570000171661377,2.006999969482422,2.006999969482422,136282000,AMZN,2.2331295,1.9049999713897707,-0.10199999809265115,0.0
2007-02-27,2.009500026702881,2.0269999504089355,1.9390000104904175,1.941499948501587,1.941499948501587,177014000,AMZN,2.19883,1.9290000200271606,-0.01249992847442627,0.0
2007-03-12,1.9320000410079956,1.9524999856948853,1.9190000295639038,1.940500020980835,1.940500020980835,97580000,AMZN,2.2260294,2.0209999084472656,0.08049988746643066,0.0
2007-03-23,1.9780000448226929,1.9800000190734863,1.9490000009536743,1.9490000009536743,1.9490000009536743,58830000,AMZN,2.2593627,2.259999990463257,0.3109999895095825,0.0
2007-04-02,1.9924999475479126,2.0234999656677246,1.9774999618530273,2.0209999084472656,2.0209999084472656,141826000,AMZN,2.3338144,2.237499952316284,0.21650004386901855,0.0
2007-04-05,2.0785000324249268,2.0880000591278076,2.072000026702881,2.0840001106262207,2.0840001106262207,65768000,AMZN,2.410855,3.130000114440918,1.0460000038146973,0.0
2007-04-11,2.0864999294281006,2.0934998989105225,2.062000036239624,2.0840001106262207,2.0840001106262207,101568000,AMZN,2.396774,3.059000015258789,0.9749999046325684,0.0
2007-04-12,2.0864999294281006,2.118499994277954,2.069999933242798,2.1135001182556152,2.1135001182556152,95090000,AMZN,2.466592,3.109499931335449,0.995999813079834,0.0
2007-04-16,2.188499927520752,2.265000104904175,2.183500051498413,2.259999990463257,2.259999990463257,268880000,AMZN,2.5901387,3.0409998893737793,0.7809998989105225,0.0
2007-04-19,2.2304999828338623,2.257499933242798,2.2204999923706055,2.2320001125335693,2.2320001125335693,96194000,AMZN,2.5160294,3.0460000038146973,0.8139998912811279,0.0
2007-04-20,2.254499912261963,2.258500099182129,2.2260000705718994,2.247499942779541,2.247499942779541,119610000,AMZN,2.5724983,3.078000068664551,0.8305001258850098,0.0
2007-04-24,2.237499952316284,2.25,2.2214999198913574,2.237499952316284,2.237499952316284,397752000,AMZN,2.5342684,3.0290000438690186,0.7915000915527344,0.0
2007-04-25,2.6559998989105225,2.8589999675750732,2.6475000381469727,2.8405001163482666,2.8405001163482666,2086584000,AMZN,3.7429273,3.1610000133514404,0.32049989700317383,0.0
2007-05-18,3.124000072479248,3.1649999618530273,3.114000082015991,3.1649999618530273,3.1649999618530273,195984000,AMZN,3.3491015,3.558500051498413,0.39350008964538574,0.0
2007-05-31,3.5339999198913574,3.5369999408721924,3.428499937057495,3.4570000171661377,3.4570000171661377,186204000,AMZN,3.6735778,3.4835000038146973,0.02649998664855957,0.0
2007-06-13,3.5450000762939453,3.5945000648498535,3.4625000953674316,3.5445001125335693,3.5445001125335693,238358000,AMZN,3.8478203,3.436500072479248,-0.10800004005432129,0.0
2007-06-14,3.5450000762939453,3.6059999465942383,3.5399999618530273,3.5969998836517334,3.5969998836517334,164906000,AMZN,3.9138918,3.448499917984009,-0.1484999656677246,0.0
2007-06-18,3.617000102996826,3.631999969482422,3.569999933242798,3.5915000438690186,3.5915000438690186,156272000,AMZN,3.7325313,3.5139999389648438,-0.0775001049041748,0.0
2007-06-27,3.3480000495910645,3.4105000495910645,3.3355000019073486,3.4070000648498535,3.4070000648498535,164858000,AMZN,3.681309,3.6675000190734863,0.2604999542236328,0.0
2007-07-05,3.4679999351501465,3.4825000762939453,3.4030001163482666,3.436500072479248,3.436500072479248,89758000,AMZN,3.6155908,4.200500011444092,0.7639999389648438,0.0
2007-07-11,3.5290000438690186,3.5824999809265137,3.507499933242798,3.5364999771118164,3.5364999771118164,131872000,AMZN,3.8813698,3.8654999732971187,0.3289999961853023,0.0
2007-07-16,3.7365000247955322,3.742000102996826,3.6500000953674316,3.684499979019165,3.684499979019165,166698000,AMZN,3.9215653,3.9500000476837163,0.2655000686645512,0.0
2007-07-17,3.7195000648498535,3.7260000705718994,3.679500102996826,3.689500093460083,3.689500093460083,121688000,AMZN,3.9577832,3.9570000171661377,0.2674999237060547,0.0
2007-07-19,3.7119998931884766,3.7160000801086426,3.6559998989105225,3.6675000190734863,3.6675000190734863,105470000,AMZN,4.033537,3.7054998874664307,0.037999868392944336,0.0
2007-07-25,4.232999801635742,4.440000057220459,4.182499885559082,4.309000015258789,4.309000015258789,1209048000,AMZN,4.8597646,3.61899995803833,-0.690000057220459,0.0
2007-07-31,4.184999942779541,4.186500072479248,3.9000000953674316,3.927000045776367,3.927000045776367,282090000,AMZN,3.98327,3.874500036239624,-0.052500009536743164,0.0
2007-08-03,3.9769999980926514,4.037499904632568,3.8355000019073486,3.8399999141693115,3.8399999141693115,159750000,AMZN,4.289583,3.9625000953674316,0.12250018119812012,0.0
2007-08-20,3.749000072479248,3.7639999389648438,3.690000057220459,3.734999895095825,3.734999895095825,118322000,AMZN,3.8952131,4.314000129699707,0.5790002346038818,0.0
2007-09-07,4.235000133514404,4.248499870300293,4.1605000495910645,4.22599983215332,4.22599983215332,164624000,AMZN,4.3508806,4.65749979019165,0.4314999580383301,0.0
2007-09-24,4.565000057220459,4.6875,4.540500164031982,4.629499912261963,4.629499912261963,106436000,AMZN,4.9536414,4.526500225067139,-0.10299968719482422,0.0
2007-10-09,4.829500198364258,4.83650016784668,4.737500190734863,4.765999794006348,4.765999794006348,142892000,AMZN,5.0930505,4.4120001792907715,-0.35399961471557617,0.0
2007-10-15,4.590000152587891,4.605999946594238,4.505000114440918,4.526500225067139,4.526500225067139,112176000,AMZN,5.1232357,4.218500137329102,-0.3080000877380371,0.0
2007-10-22,4.462500095367432,4.584499835968018,4.451000213623047,4.564499855041504,4.564499855041504,197368000,AMZN,4.811218,3.849999904632569,-0.7144999504089351,0.0
2007-11-09,4.120999813079834,4.120999813079834,3.941999912261963,3.944499969482422,3.944499969482422,232404000,AMZN,4.0215325,4.545499801635742,0.6009998321533203,0.0
2007-11-21,3.9619998931884766,4.043000221252441,3.932499885559082,3.98799991607666,3.98799991607666,133566000,AMZN,4.153625,4.619999885559082,0.6319999694824219,0.0
2007-11-28,4.377500057220459,4.528500080108643,4.337500095367432,4.514999866485596,4.514999866485596,228068000,AMZN,4.7069345,4.468999862670898,-0.046000003814697266,0.0
2007-12-05,4.749499797821045,4.749499797821045,4.598999977111816,4.6595001220703125,4.6595001220703125,132172000,AMZN,4.9217653,4.712500095367432,0.05299997329711914,0.0
2007-12-11,4.65500020980835,4.796999931335449,4.537499904632568,4.537499904632568,4.537499904632568,205392000,AMZN,4.8032885,4.760499954223633,0.22300004959106445,0.0
2007-12-18,4.291500091552734,4.373000144958496,4.192999839782715,4.3445000648498535,4.3445000648498535,145322000,AMZN,4.8063173,4.2129998207092285,-0.131500244140625,0.0
2007-12-21,4.573500156402588,4.613999843597412,4.519499778747559,4.563000202178955,4.563000202178955,132098000,AMZN,4.8172073,4.01200008392334,-0.5510001182556152,0.0
2008-01-02,4.767499923706055,4.871500015258789,4.735000133514404,4.8125,4.8125,277174000,AMZN,5.132568,3.8835000991821285,-0.9289999008178715,0.0
2008-01-04,4.663000106811523,4.670000076293945,4.425000190734863,4.439499855041504,4.439499855041504,205400000,AMZN,4.5571904,3.7909998893737797,-0.6484999656677242,0.0
2008-01-09,4.377999782562256,4.389999866485596,4.01200008392334,4.261000156402588,4.261000156402588,328218000,AMZN,4.4563613,3.8849999904632564,-0.3760001659393315,0.0
2008-01-10,4.198999881744385,4.298500061035156,4.148499965667725,4.2129998207092285,4.2129998207092285,232198000,AMZN,4.6998415,3.7314999103546143,-0.48149991035461426,0.0
2008-01-17,4.007999897003174,4.112500190734863,3.9769999980926514,4.00600004196167,4.00600004196167,198018000,AMZN,4.325913,3.674999952316284,-0.33100008964538574,0.0
2008-01-18,3.996500015258789,4.115499973297119,3.9019999504089355,3.98799991607666,3.98799991607666,267286000,AMZN,4.1575303,3.759500026702881,-0.2284998893737793,0.0
2008-01-31,3.445499897003174,3.94350004196167,3.441999912261963,3.884999990463257,3.884999990463257,857718000,AMZN,3.8589194,3.6040000915527344,0.0,0.28099989891052246
2008-02-01,3.9509999752044678,3.9700000286102295,3.6684999465942383,3.7314999103546143,3.7314999103546143,327220000,AMZN,4.5445194,3.6635000705718994,-0.06799983978271484,0.0
2008-02-08,3.6700000762939453,3.7300000190734863,3.625999927520752,3.674999952316284,3.674999952316284,234008000,AMZN,4.121817,3.121500015258789,-0.5534999370574951,0.0
2008-02-13,3.749500036239624,3.942500114440918,3.6635000705718994,3.8864998817443848,3.8864998817443848,221406000,AMZN,3.8877633,3.13700008392334,-0.7494997978210449,0.0
2008-02-14,3.8864998817443848,3.8940000534057617,3.759000062942505,3.7899999618530273,3.7899999618530273,149944000,AMZN,3.9360106,3.2044999599456787,-0.5855000019073486,0.0
2008-02-15,3.75,3.759500026702881,3.5969998836517334,3.6480000019073486,3.6480000019073486,222402000,AMZN,3.5688615,3.1735000610351562,0.0,0.4744999408721924
2008-02-21,3.697000026702881,3.7105000019073486,3.4684998989105225,3.494999885559082,3.494999885559082,263016000,AMZN,3.6705706,3.4159998893737793,-0.07899999618530273,0.0
2008-02-22,3.5269999504089355,3.6105000972747803,3.493000030517578,3.6040000915527344,3.6040000915527344,246854000,AMZN,3.8070805,3.4110000133514404,-0.19300007820129395,0.0
2008-03-12,3.3385000228881836,3.4114999771118164,3.2820000648498535,3.325500011444092,3.325500011444092,154976000,AMZN,3.505015,3.746999979019165,0.42149996757507324,0.0
2008-03-14,3.430500030517578,3.5339999198913574,3.302999973297119,3.4110000133514404,3.4110000133514404,248414000,AMZN,3.5818286,3.845000028610229,0.4340000152587886,0.0
2008-03-17,3.2860000133514404,3.3894999027252197,3.246000051498413,3.3264999389648438,3.3264999389648438,194182000,AMZN,3.3584552,3.8650000095367427,0.538500070571899,0.0
2008-03-20,3.508500099182129,3.674499988555908,3.4690001010894775,3.6594998836517334,3.6594998836517334,228214000,AMZN,3.669121,3.5994999408721924,-0.059999942779541016,0.0
2008-03-24,3.690999984741211,3.8464999198913574,3.637500047683716,3.797499895095825,3.797499895095825,187908000,AMZN,4.0365944,3.630500078201294,-0.16699981689453125,0.0
2008-03-31,3.512500047683716,3.5820000171661377,3.4814999103546143,3.565000057220459,3.565000057220459,109406000,AMZN,3.9862485,4.008999824523926,0.4439997673034668,0.0
2008-04-28,4.0320000648498535,4.125,4.00600004196167,4.098499774932861,4.098499774932861,219838000,AMZN,4.4199233,4.114500045776367,0.01600027084350586,0.0
2008-05-15,3.694499969482422,3.815999984741211,3.677500009536743,3.805999994277954,3.805999994277954,138354000,AMZN,3.984002,4.031499862670898,0.22549986839294434,0.0
2008-05-16,3.821000099182129,3.8415000438690186,3.743000030517578,3.822999954223633,3.822999954223633,124134000,AMZN,4.135754,3.971499919891358,0.14849996566772505,0.0
2008-05-23,3.927500009536743,3.94350004196167,3.871500015258789,3.9175000190734863,3.9175000190734863,126638000,AMZN,4.166156,4.085000038146973,0.16750001907348633,0.0
2008-05-29,4.0304999351501465,4.0980000495910645,4.008500099182129,4.017499923706055,4.017499923706055,137152000,AMZN,4.2960634,4.2129998207092285,0.19549989700317383,0.0
2008-06-05,4.105500221252441,4.24399995803833,4.090000152587891,4.225500106811523,4.225500106811523,178774000,AMZN,4.5858073,3.815000057220459,-0.41050004959106445,0.0
2008-06-09,4.059500217437744,4.076499938964844,3.9059998989105225,3.9714999198913574,3.9714999198913574,130746000,AMZN,4.228755,3.6665000915527344,-0.30499982833862305,0.0
2008-06-13,3.8350000381469727,4.0,3.8350000381469727,3.9584999084472656,3.9584999084472656,119490000,AMZN,4.4216833,3.624500036239624,-0.3339998722076416,0.0
2008-06-17,4.15749979019165,4.215000152587891,4.139999866485596,4.148499965667725,4.148499965667725,176048000,AMZN,4.4327717,3.5304999351501465,-0.6180000305175781,0.0
2008-06-24,3.9774999618530273,4.0395002365112305,3.881500005722046,3.9820001125335693,3.9820001125335693,142802000,AMZN,4.3139305,3.5920000076293945,-0.3900001049041748,0.0
2008-06-26,3.9549999237060547,3.994499921798706,3.799999952316284,3.815000057220459,3.815000057220459,226202000,AMZN,3.9422345,3.4560000896453857,-0.35899996757507324,0.0
2008-07-07,3.618499994277954,3.7200000286102295,3.5380001068115234,3.624500036239624,3.624500036239624,147110000,AMZN,3.893064,3.7990000247955322,0.1744999885559082,0.0
2008-07-11,3.4700000286102295,3.499500036239624,3.3369998931884766,3.427000045776367,3.427000045776367,158600000,AMZN,3.752822,3.787499904632568,0.36049985885620073,0.0
2008-07-15,3.2934999465942383,3.430999994277954,3.1494998931884766,3.3515000343322754,3.3515000343322754,226842000,AMZN,3.6031287,3.955499887466431,0.6039998531341557,0.0
2008-07-22,3.3545000553131104,3.4570000171661377,3.2939999103546143,3.3984999656677246,3.3984999656677246,175916000,AMZN,3.5523427,4.362500190734863,0.9640002250671387,0.0
2008-07-24,3.815000057220459,4.11899995803833,3.814500093460083,3.936000108718872,3.936000108718872,619932000,AMZN,4.404591,4.401500225067139,0.4655001163482666,0.0
2008-09-09,4.038000106811523,4.0980000495910645,3.94950008392334,3.9519999027252197,3.9519999027252197,116436000,AMZN,4.217681,3.638000011444092,-0.31399989128112793,0.0
2008-09-12,3.940500020980835,3.9800000190734863,3.8310000896453857,3.9149999618530273,3.9149999618530273,129602000,AMZN,4.335411,3.3499999046325684,-0.565000057220459,0.0
2008-09-24,3.615000009536743,3.682499885559082,3.447000026702881,3.497999906539917,3.497999906539917,187448000,AMZN,3.769651,2.436000108718872,-1.061999797821045,0.0
2008-09-26,3.4760000705718994,3.552500009536743,3.4040000438690186,3.5350000858306885,3.5350000858306885,134942000,AMZN,3.692646,2.5325000286102295,-1.002500057220459,0.0
2008-10-08,2.7820000648498535,3.137500047683716,2.7674999237060547,3.0510001182556152,3.0510001182556152,286490000,AMZN,3.2183647,2.8445000648498535,-0.20650005340576172,0.0
2008-10-14,3.174999952316284,3.200000047683716,2.740000009536743,2.7929999828338623,2.7929999828338623,346132000,AMZN,2.8488536,2.922499895095825,0.1294999122619629,0.0
2008-10-23,2.1684999465942383,2.5455000400543213,2.1654999256134033,2.5160000324249268,2.5160000324249268,652038000,AMZN,2.364234,2.246500015258789,0.0,0.2695000171661377
2008-10-30,2.937999963760376,2.994499921798706,2.753999948501587,2.8355000019073486,2.8355000019073486,222514000,AMZN,2.7749393,1.7515000104904175,0.0,1.0839999914169312
2008-10-31,2.80049991607666,2.862499952316284,2.750499963760376,2.861999988555908,2.861999988555908,170692000,AMZN,2.6746726,1.8934999704360964,0.0,0.9685000181198118
2008-11-03,2.817500114440918,2.862499952316284,2.750999927520752,2.7885000705718994,2.7885000705718994,143402000,AMZN,2.7857172,2.125,0.0,0.6635000705718994
2008-11-18,1.9865000247955322,2.0329999923706055,1.8040000200271606,1.9220000505447388,1.9220000505447388,300984000,AMZN,2.2085657,2.484999895095825,0.5629998445510864,0.0
2008-12-08,2.4574999809265137,2.6070001125335693,2.368000030517578,2.570499897003174,2.570499897003174,218814000,AMZN,2.82808,2.5380001068115234,-0.03249979019165039,0.0
2008-12-10,2.572999954223633,2.575000047683716,2.4170000553131104,2.484999895095825,2.484999895095825,155076000,AMZN,2.5242438,2.7179999351501465,0.2330000400543213,0.0
2008-12-11,2.4665000438690186,2.5244998931884766,2.4084999561309814,2.4124999046325684,2.4124999046325684,151672000,AMZN,2.563289,2.703000068664551,0.2905001640319824,0.0
2008-12-12,2.375999927520752,2.569000005722046,2.375999927520752,2.5625,2.5625,173296000,AMZN,2.7837486,2.868000030517578,0.3055000305175781,0.0
2008-12-26,2.689500093460083,2.697499990463257,2.577500104904175,2.5889999866485596,2.5889999866485596,136946000,AMZN,2.895298,2.421999931335449,-0.16700005531311035,0.0
2008-12-30,2.4755001068115234,2.560499906539917,2.437000036239624,2.5380001068115234,2.5380001068115234,132026000,AMZN,2.8818948,2.496999979019165,-0.0410001277923584,0.0
2008-12-31,2.5369999408721924,2.5845000743865967,2.495500087738037,2.563999891281128,2.563999891281128,155844000,AMZN,2.9194796,2.5315001010894775,-0.03249979019165039,0.0
2009-01-06,2.7274999618530273,2.9110000133514404,2.6875,2.868000030517578,2.868000030517578,221602000,AMZN,3.1413636,2.5179998874664307,-0.35000014305114746,0.0
2009-01-08,2.749500036239624,2.865999937057495,2.7290000915527344,2.8580000400543213,2.8580000400543213,131558000,AMZN,3.0806828,2.940999984741211,0.08299994468688965,0.0
2009-01-14,2.505000114440918,2.505000114440918,2.4070000648498535,2.424499988555908,2.424499988555908,208852000,AMZN,2.7880108,3.1589999198913574,0.7344999313354492,0.0
2009-01-27,2.4649999141693115,2.5209999084472656,2.385999917984009,2.421999931335449,2.421999931335449,174764000,AMZN,2.6947613,3.117500066757202,0.6955001354217529,0.0
2009-02-10,3.307499885559082,3.3615000247955322,3.1535000801086426,3.1654999256134033,3.1654999256134033,214012000,AMZN,3.2378836,3.240499973297119,0.07500004768371582,0.0
2009-02-24,3.0985000133514404,3.305000066757202,3.0945000648498535,3.2799999713897705,3.2799999713897705,205428000,AMZN,3.526333,3.567500114440918,0.28750014305114746,0.0
2009-03-06,3.259999990463257,3.2750000953674316,2.990999937057495,3.0845000743865967,3.0845000743865967,301876000,AMZN,3.2642827,3.5260000228881836,0.4414999485015869,0.0
2009-03-09,3.109999895095825,3.2014999389648438,3.007499933242798,3.0244998931884766,3.0244998931884766,271228000,AMZN,3.3525956,3.572000026702881,0.5475001335144043,0.0
2009-03-17,3.368499994277954,3.5855000019073486,3.3499999046325684,3.567500114440918,3.567500114440918,238056000,AMZN,3.7368693,3.7755000591278076,0.20799994468688965,0.0
2009-03-18,3.5485000610351562,3.695499897003174,3.506500005722046,3.5625,3.5625,208034000,AMZN,3.8763037,3.848999977111817,0.28649997711181685,0.0
2009-03-19,3.569999933242798,3.5954999923706055,3.4619998931884766,3.505000114440918,3.505000114440918,176382000,AMZN,3.6472619,3.9885001182556157,0.4835000038146977,0.0
2009-03-30,3.5199999809265137,3.5834999084472656,3.487499952316284,3.572000026702881,3.572000026702881,167462000,AMZN,3.9584215,3.937000036239624,0.36500000953674316,0.0
2009-04-02,3.68149995803833,3.861999988555908,3.671999931335449,3.816999912261963,3.816999912261963,221338000,AMZN,4.0441165,4.2230000495910645,0.40600013732910156,0.0
2009-04-06,3.86299991607666,3.9179999828338623,3.799999952316284,3.8994998931884766,3.8994998931884766,115026000,AMZN,4.0094204,4.119999885559082,0.22049999237060547,0.0
2009-04-14,3.9000000953674316,3.9730000495910645,3.8469998836517334,3.8610000610351562,3.8610000610351562,123208000,AMZN,4.074118,4.09499979019165,0.23399972915649414,0.0
2009-04-15,3.7750000953674316,3.7904999256134033,3.67549991607666,3.7355000972747803,3.7355000972747803,188256000,AMZN,3.847658,4.0995001792907715,0.3640000820159912,0.0
2009-04-22,3.9084999561309814,4.109000205993652,3.890500068664551,3.9600000381469727,3.9600000381469727,175510000,AMZN,4.3048115,3.7095000743865967,-0.250499963760376,0.0
2009-05-01,4.019000053405762,4.019000053405762,3.8924999237060547,3.947999954223633,3.947999954223633,122434000,AMZN,4.21718,3.782000064849853,-0.16599988937377974,0.0
2009-05-06,4.144000053405762,4.179999828338623,3.9830000400543213,4.0995001792907715,4.0995001792907715,172080000,AMZN,4.2763243,3.882499933242798,-0.21700024604797363,0.0
2009-05-07,4.136499881744385,4.137499809265137,3.8940000534057617,3.9639999866485596,3.9639999866485596,192642000,AMZN,4.107963,3.8994998931884766,-0.06450009346008301,0.0
2009-05-19,3.7715001106262207,3.947999954223633,3.75600004196167,3.8935000896453857,3.8935000896453857,160578000,AMZN,4.1855016,4.329500198364258,0.43600010871887207,0.0
2009-05-21,3.8375000953674316,3.8984999656677246,3.7699999809265137,3.7980000972747803,3.7980000972747803,112810000,AMZN,3.8640435,4.203999996185303,0.40599989891052246,0.0
2009-06-02,4.120999813079834,4.272500038146973,4.105000019073486,4.246500015258789,4.246500015258789,187940000,AMZN,4.446362,3.8840000629425044,-0.3624999523162846,0.0
2009-06-22,4.120500087738037,4.121500015258789,3.927999973297119,3.9574999809265137,3.9574999809265137,194888000,AMZN,4.163722,4.097499847412109,0.1399998664855957,0.0
2009-06-26,4.09499979019165,4.206999778747559,4.05649995803833,4.193999767303467,4.193999767303467,175506000,AMZN,4.472783,4.411499977111816,0.2175002098083496,0.0
2009-07-17,4.289999961853027,4.324999809265137,4.260000228881836,4.292500019073486,4.292500019073486,101032000,AMZN,4.4947143,4.265999794006348,-0.026500225067138672,0.0
2009-07-27,4.311999797821045,4.32450008392334,4.177999973297119,4.211999893188477,4.211999893188477,225586000,AMZN,4.7474327,4.052999973297119,-0.15899991989135742,0.0
2009-07-29,4.223499774932861,4.275000095367432,4.176000118255615,4.2170000076293945,4.2170000076293945,130058000,AMZN,4.6749964,4.150000095367432,-0.06699991226196289,0.0
2009-08-05,4.2820000648498535,4.287499904632568,4.151000022888184,4.2144999504089355,4.2144999504089355,145588000,AMZN,4.407552,4.199999809265137,-0.014500141143798828,0.0
2009-08-06,4.2154998779296875,4.242000102996826,4.152500152587891,4.223499774932861,4.223499774932861,93860000,AMZN,4.669696,4.2154998779296875,-0.007999897003173828,0.0
2009-09-03,3.9195001125335693,3.947999954223633,3.875499963760376,3.9230000972747803,3.9230000972747803,82804000,AMZN,4.3637757,4.526000022888184,0.6029999256134033,0.0
2009-09-10,4.116499900817871,4.203499794006348,4.114999771118164,4.192500114440918,4.192500114440918,140462000,AMZN,4.4583664,4.552000045776367,0.3594999313354492,0.0
2009-09-14,4.190499782562256,4.228499889373779,4.172999858856201,4.192999839782715,4.192999839782715,71440000,AMZN,4.3915086,4.433499813079834,0.24049997329711914,0.0
2009-09-17,4.537499904632568,4.559500217437744,4.449999809265137,4.521999835968018,4.521999835968018,157454000,AMZN,4.7674093,4.761000156402588,0.2390003204345703,0.0
2009-09-21,4.484499931335449,4.538000106811523,4.423999786376953,4.5279998779296875,4.5279998779296875,84186000,AMZN,4.6572123,4.679999828338623,0.15199995040893555,0.0
2009-10-01,4.625,4.644999980926514,4.518499851226807,4.552000045776367,4.552000045776367,132902000,AMZN,4.819151,4.672500133514404,0.12050008773803711,0.0
2009-10-14,4.810999870300293,4.890999794006348,4.801000118255615,4.873000144958496,4.873000144958496,111136000,AMZN,5.3437676,5.855000019073486,0.9819998741149902,0.0
2009-10-19,4.767499923706055,4.814000129699707,4.712500095367432,4.734000205993652,4.734000205993652,120348000,AMZN,5.1077375,6.333499908447266,1.5994997024536133,0.0
2009-10-21,4.763500213623047,4.831500053405762,4.645500183105469,4.671000003814697,4.671000003814697,155224000,AMZN,4.9787426,6.495500087738037,1.8245000839233398,0.0
2009-10-27,6.146500110626221,6.2129998207092285,5.9710001945495605,6.103499889373779,6.103499889373779,406084000,AMZN,6.301331,6.5625,0.4590001106262207,0.0
2009-10-28,6.078499794006348,6.25600004196167,6.038000106811523,6.081999778747559,6.081999778747559,337754000,AMZN,5.7143354,6.564499855041504,0.0,-0.4825000762939453
2009-10-29,6.195000171661377,6.215000152587891,6.00600004196167,6.129000186920166,6.129000186920166,256436000,AMZN,6.026559,6.44950008392334,0.0,-0.32049989700317383
2009-11-02,5.933000087738037,5.974999904632568,5.8354997634887695,5.941999912261963,5.941999912261963,225600000,AMZN,6.2286463,6.650000095367432,0.7080001831054688,0.0
2009-11-20,6.388000011444092,6.499499797821045,6.370500087738037,6.482999801635742,6.482999801635742,133052000,AMZN,6.8285766,6.568999767303467,0.08599996566772461,0.0
2009-12-17,6.4679999351501465,6.504000186920166,6.34499979019165,6.3454999923706055,6.3454999923706055,169530000,AMZN,6.7493467,6.515500068664551,0.1700000762939453,0.0
2009-12-18,6.395500183105469,6.439499855041504,6.28249979019165,6.423999786376953,6.423999786376953,192108000,AMZN,6.732298,6.367499828338623,-0.05649995803833008,0.0
2009-12-24,6.960000038146973,6.985000133514404,6.876999855041504,6.923500061035156,6.923500061035156,102576000,AMZN,6.962465,6.380499839782715,-0.5430002212524414,0.0
2009-12-29,7.064499855041504,7.129000186920166,6.927499771118164,6.9704999923706055,6.9704999923706055,168012000,AMZN,7.119175,6.330999851226807,-0.6395001411437988,0.0
2010-01-07,6.600500106811523,6.616000175476074,6.440000057220459,6.5,6.5,220604000,AMZN,6.5928707,6.270500183105469,-0.22949981689453125,0.0
2010-01-12,6.44950008392334,6.491000175476074,6.327499866485596,6.367499828338623,6.367499828338623,181926000,AMZN,6.580423,5.954999923706055,-0.41249990463256836,0.0
2010-01-20,6.356500148773193,6.460000038146973,6.254000186920166,6.289000034332275,6.289000034332275,181494000,AMZN,6.559664,5.868000030517578,-0.42100000381469727,0.0
2010-01-28,6.221499919891357,6.360000133514404,6.139999866485596,6.301499843597412,6.301499843597412,545862000,AMZN,6.3629494,5.875999927520752,-0.42549991607666016,0.0
2010-02-01,6.158999919891357,6.243000030517578,5.690999984741211,5.94350004196167,5.94350004196167,755488000,AMZN,5.6520967,5.861999988555908,0.0,0.08150005340576172
2010-02-11,5.860499858856201,6.020999908447266,5.824999809265137,6.004499912261963,6.004499912261963,166870000,AMZN,6.0236955,6.445499897003174,0.44099998474121094,0.0
2010-02-23,5.9004998207092285,5.962500095367432,5.825500011444092,5.861999988555908,5.861999988555908,141364000,AMZN,5.982855,6.5894999504089355,0.7274999618530273,0.0
2010-03-01,5.934999942779541,6.232999801635742,5.876500129699707,6.2270002365112305,6.2270002365112305,265930000,AMZN,6.3321366,6.523499965667725,0.29649972915649414,0.0
2010-03-02,6.250500202178955,6.367499828338623,6.239999771118164,6.276500225067139,6.276500225067139,241950000,AMZN,6.513551,6.4629998207092285,0.18649959564208984,0.0
2010-03-03,6.269999980926514,6.3470001220703125,6.221499919891357,6.29449987411499,6.29449987411499,128808000,AMZN,6.322826,6.4019999504089355,0.10750007629394531,0.0
2010-03-08,6.414999961853027,6.542500019073486,6.385499954223633,6.505499839782715,6.505499839782715,112118000,AMZN,6.6756306,6.75600004196167,0.2505002021789551,0.0
2010-03-09,6.479499816894531,6.540500164031982,6.398499965667725,6.440999984741211,6.440999984741211,121416000,AMZN,6.6283712,6.828999996185303,0.3880000114440918,0.0
2010-03-23,6.54449987411499,6.546999931335449,6.403500080108643,6.4629998207092285,6.4629998207092285,84262000,AMZN,6.922219,7.214000225067139,0.7510004043579102,0.0
2010-03-25,6.456999778747559,6.8454999923706055,6.4019999504089355,6.736499786376953,6.736499786376953,324192000,AMZN,7.0845256,7.108500003814697,0.37200021743774414,0.0
2010-03-29,6.768499851226807,6.831500053405762,6.7164998054504395,6.75600004196167,6.75600004196167,92538000,AMZN,6.986617,7.210000038146973,0.45399999618530273,0.0
2010-04-05,6.642499923706055,6.686999797821045,6.539000034332275,6.57450008392334,6.57450008392334,116330000,AMZN,7.0247574,7.355500221252441,0.7810001373291016,0.0
2010-04-21,7.258500099182129,7.449999809265137,7.176000118255615,7.321499824523926,7.321499824523926,147488000,AMZN,7.6131954,6.69350004196167,-0.6279997825622559,0.0
2010-04-27,7.277500152587891,7.322000026702881,7.055500030517578,7.10099983215332,7.10099983215332,172780000,AMZN,7.386454,6.314000129699707,-0.7869997024536133,0.0
2010-05-07,6.398499965667725,6.559000015258789,6.188000202178955,6.249000072479248,6.249000072479248,238552000,AMZN,6.712797,6.2729997634887695,0.023999691009521484,0.0
2010-05-18,6.506999969482422,6.5625,6.2754998207092285,6.314000129699707,6.314000129699707,105138000,AMZN,6.7861776,5.895500183105469,-0.4184999465942383,0.0
2010-05-27,6.249000072479248,6.34250020980835,6.03000020980835,6.335000038146973,6.335000038146973,94954000,AMZN,6.459718,6.291500091552734,-0.04349994659423828,0.0
2010-06-02,6.201000213623047,6.321499824523926,6.082499980926514,6.315499782562256,6.315499782562256,95294000,AMZN,6.521127,6.072500228881836,-0.24299955368041992,0.0
2010-06-14,6.211999893188477,6.284999847412109,6.175000190734863,6.191500186920166,6.191500186920166,78460000,AMZN,6.4927125,5.502999782562256,-0.6885004043579102,0.0
2010-06-17,6.336999893188477,6.389999866485596,6.234499931335449,6.29449987411499,6.29449987411499,69580000,AMZN,6.4554415,5.86299991607666,-0.4314999580383301,0.0
2010-06-30,5.428999900817871,5.633999824523926,5.4054999351501465,5.4629998207092285,5.4629998207092285,194814000,AMZN,6.0810227,6.003499984741211,0.5405001640319824,0.0
2010-07-07,5.492000102996826,5.68149995803833,5.490499973297119,5.671500205993652,5.671500205993652,98820000,AMZN,5.8339295,5.856500148773193,0.18499994277954102,0.0
2010-07-20,6.0304999351501465,6.0355000495910645,5.875500202178955,6.005000114440918,6.005000114440918,135700000,AMZN,6.282111,6.5,0.49499988555908203,0.0
2010-07-28,5.849999904632568,5.909999847412109,5.820000171661377,5.856500148773193,5.856500148773193,109446000,AMZN,5.958641,6.482500076293945,0.625999927520752,0.0
2010-08-06,6.335999965667725,6.420000076293945,6.295000076293945,6.415999889373779,6.415999889373779,101304000,AMZN,6.4519005,6.331999778747559,-0.0840001106262207,0.0
2010-08-11,6.40500020980835,6.406000137329102,6.260000228881836,6.29449987411499,6.29449987411499,110834000,AMZN,6.432803,6.624499797821045,0.3299999237060547,0.0
2010-08-12,6.188000202178955,6.349999904632568,6.177499771118164,6.328000068664551,6.328000068664551,87358000,AMZN,6.601417,6.760499954223633,0.43249988555908203,0.0
2010-08-17,6.367000102996826,6.499000072479248,6.3394999504089355,6.442999839782715,6.442999839782715,100894000,AMZN,6.9447846,6.956999778747559,0.5139999389648438,0.0
2010-08-30,6.301499843597412,6.347499847412109,6.184500217437744,6.189499855041504,6.189499855041504,68520000,AMZN,6.5830555,7.536499977111816,1.3470001220703125,0.0
2010-09-03,6.8445000648498535,6.974999904632568,6.831500053405762,6.939499855041504,6.939499855041504,131624000,AMZN,7.1547694,7.968500137329102,1.0290002822875977,0.0
2010-09-09,7.019499778747559,7.06850004196167,6.9629998207092285,7.019000053405762,7.019000053405762,99160000,AMZN,7.3825345,7.8530001640319815,0.8340001106262198,0.0
2010-09-14,7.224999904632568,7.335000038146973,7.191500186920166,7.287499904632568,7.287499904632568,86388000,AMZN,7.46268,8.043499946594238,0.7560000419616699,0.0
2010-09-15,7.24399995803833,7.281000137329102,7.177999973297119,7.272500038146973,7.272500038146973,98072000,AMZN,7.4248247,7.769999980926513,0.4974999427795401,0.0
2010-09-22,7.492000102996826,7.635000228881836,7.454999923706055,7.5914998054504395,7.5914998054504395,132248000,AMZN,7.856989,7.75850009918213,0.16700029373169034,0.0
2010-09-28,7.992000102996826,8.043999671936035,7.744500160217285,7.985000133514404,7.985000133514404,169884000,AMZN,7.9969716,7.933499813079834,-0.05150032043457031,0.0
2010-10-05,7.854000091552734,8.060500144958496,7.850500106811523,8.043499946594238,8.043499946594238,112400000,AMZN,8.668515,8.4975004196167,0.45400047302246094,0.0
2010-10-06,8.029999732971191,8.034000396728516,7.730000019073486,7.769999980926514,7.769999980926514,121216000,AMZN,7.9235473,8.375499725341797,0.6054997444152832,0.0
2010-10-07,7.825500011444092,7.869999885559082,7.66949987411499,7.813499927520752,7.813499927520752,92440000,AMZN,8.012614,8.342000007629395,0.5285000801086426,0.0
2010-10-12,7.625500202178955,7.847499847412109,7.570000171661377,7.823999881744385,7.823999881744385,105616000,AMZN,8.229143,8.230500221252441,0.40650033950805664,0.0
2010-10-13,7.834499835968018,7.8394999504089355,7.692500114440918,7.758500099182129,7.758500099182129,112656000,AMZN,8.240177,8.423500061035156,0.6649999618530273,0.0
2010-10-14,7.757999897003174,7.847499847412109,7.71150016784668,7.776500225067139,7.776500225067139,80482000,AMZN,8.146185,8.446499824523926,0.6699995994567871,0.0
2010-10-15,7.921000003814697,8.244000434875488,7.837500095367432,8.232000350952148,8.232000350952148,202710000,AMZN,8.548066,8.53849983215332,0.3064994812011719,0.0
2010-10-19,8.034000396728516,8.140000343322754,7.849999904632568,7.933499813079834,7.933499813079834,150500000,AMZN,7.774669,8.513500213623047,0.0,-0.5800004005432129
2010-10-20,7.939000129699707,7.993500232696533,7.828499794006348,7.933499813079834,7.933499813079834,115808000,AMZN,8.258171,8.666500091552734,0.7330002784729004,0.0
2010-10-27,8.445500373840332,8.487500190734863,8.32699966430664,8.375499725341797,8.375499725341797,114436000,AMZN,8.426088,7.917500019073485,-0.45799970626831144,0.0
2010-11-16,7.936999797821045,8.045499801635742,7.838500022888184,7.888999938964844,7.888999938964844,131428000,AMZN,8.480347,8.814499855041504,0.9254999160766602,0.0
2010-11-18,8.036999702453613,8.25,8.036999702453613,8.208499908447266,8.208499908447266,124506000,AMZN,8.789357,8.781000137329102,0.5725002288818359,0.0
2010-11-23,8.430500030517578,8.440500259399414,8.230999946594238,8.40999984741211,8.40999984741211,129306000,AMZN,8.315956,8.778499603271484,0.0,-0.368499755859375
2010-12-13,8.816499710083008,8.897000312805176,8.68649959564209,8.712499618530273,8.712499618530273,84050000,AMZN,9.251909,9.250499725341797,0.5380001068115234,0.0
2010-12-16,8.779000282287598,8.914999961853027,8.751999855041504,8.902000427246094,8.902000427246094,82430000,AMZN,9.274179,9.274499893188477,0.3724994659423828,0.0
2010-12-28,9.104999542236328,9.138500213623047,9.052499771118164,9.054499626159668,9.054499626159668,39500000,AMZN,9.576692,9.343500137329102,0.2890005111694336,0.0
2011-01-05,9.204999923706055,9.3725004196167,9.203499794006348,9.371000289916992,9.371000289916992,68376000,AMZN,9.653892,9.22249984741211,-0.1485004425048828,0.0
2011-01-24,8.897500038146973,8.924500465393066,8.707500457763672,8.842499732971191,8.842499732971191,112006000,AMZN,9.426076,9.520999908447266,0.6785001754760742,0.0
2011-01-31,8.508000373840332,8.571999549865723,8.370499610900879,8.482000350952148,8.482000350952148,134362000,AMZN,9.05624,9.020999908447266,0.5389995574951172,0.0
2011-02-15,9.43649959564209,9.524499893188477,9.412500381469727,9.451499938964844,9.451499938964844,77818000,AMZN,9.500076,8.452500343322754,-0.9989995956420898,0.0
2011-02-16,9.488499641418457,9.5,9.317500114440918,9.331000328063965,9.331000328063965,92564000,AMZN,9.484015,8.307000160217285,-1.0240001678466797,0.0
2011-02-17,9.28849983215332,9.454500198364258,9.26550006866455,9.387999534606934,9.387999534606934,68510000,AMZN,9.589244,8.403499603271484,-0.9844999313354492,0.0
2011-02-22,9.184000015258789,9.236000061035156,8.965999603271484,9.020999908447266,9.020999908447266,112742000,AMZN,9.178031,8.253999710083008,-0.7670001983642578,0.0
2011-03-01,8.67650032043457,8.697999954223633,8.433500289916992,8.472000122070312,8.472000122070312,116942000,AMZN,8.942059,8.130000114440918,-0.34200000762939453,0.0
2011-03-08,8.469499588012695,8.48550033569336,8.336000442504883,8.344499588012695,8.344499588012695,84380000,AMZN,8.76016,8.730999946594238,0.38650035858154297,0.0
2011-03-10,8.353500366210938,8.423500061035156,8.241000175476074,8.307000160217285,8.307000160217285,119968000,AMZN,8.636444,9.006500244140625,0.6995000839233398,0.0
2011-03-14,8.329999923706055,8.404000282287598,8.228500366210938,8.33650016784668,8.33650016784668,80440000,AMZN,8.560478,9.147000312805176,0.8105001449584961,0.0
2011-03-24,8.410499572753906,8.600000381469727,8.368000030517578,8.555000305175781,8.555000305175781,125664000,AMZN,8.916896,9.090999603271484,0.5359992980957031,0.0
2011-03-25,8.581999778747559,8.674500465393066,8.515000343322754,8.548999786376953,8.548999786376953,85876000,AMZN,8.606411,9.000499725341797,0.45149993896484375,0.0
2011-03-30,8.888999938964844,9.057999610900879,8.883000373840332,8.970999717712402,8.970999717712402,137186000,AMZN,9.391321,9.193499565124512,0.22249984741210938,0.0
2011-04-01,9.079000473022461,9.162500381469727,8.929499626159668,9.006500244140625,9.006500244140625,113682000,AMZN,9.130728,9.270999908447266,0.2644996643066406,0.0
2011-04-04,9.044500350952148,9.180500030517578,9.034500122070312,9.147000312805176,9.147000312805176,83728000,AMZN,9.336836,9.114999771118164,-0.03200054168701172,0.0
2011-04-05,9.104999542236328,9.317999839782715,9.09000015258789,9.26449966430664,9.26449966430664,111384000,AMZN,9.441693,9.831500053405762,0.5670003890991211,0.0
2011-04-08,9.262999534606934,9.310999870300293,9.138999938964844,9.23550033569336,9.23550033569336,74528000,AMZN,9.67561,10.059499740600586,0.8239994049072266,0.0
2011-04-19,8.917499542236328,8.97350025177002,8.829999923706055,8.940999984741211,8.940999984741211,52920000,AMZN,9.585401,10.218999862670898,1.2779998779296875,0.0
2011-05-25,9.678500175476074,9.717499732971191,9.557000160217285,9.61299991607666,9.61299991607666,93226000,AMZN,9.919912,9.182499885559082,-0.4305000305175781,0.0
2011-06-06,9.400500297546387,9.492500305175781,9.258999824523926,9.284500122070312,9.284500122070312,74320000,AMZN,9.755301,10.0625,0.7779998779296875,0.0
2011-06-13,9.340499877929688,9.465499877929688,9.243000030517578,9.314499855041504,9.314499855041504,77378000,AMZN,9.532494,10.659500122070312,1.3450002670288086,0.0
2011-06-15,9.402000427246094,9.6225004196167,9.265000343322754,9.298999786376953,9.298999786376953,126354000,AMZN,9.498562,10.836999893188477,1.5380001068115234,0.0
2011-06-22,9.697999954223633,9.760000228881836,9.565999984741211,9.581500053405762,9.581500053405762,62594000,AMZN,9.698598,10.519000053405762,0.9375,0.0
2011-07-05,10.437999725341797,10.72249984741211,10.43649959564209,10.659500122070312,10.659500122070312,71704000,AMZN,10.868111,10.708999633789062,0.04949951171875,0.0
2011-07-12,10.732000350952148,10.782500267028809,10.555999755859375,10.56149959564209,10.56149959564209,79714000,AMZN,11.093128,10.585000038146973,0.023500442504882812,0.0
2011-07-21,10.836999893188477,10.854499816894531,10.553500175476074,10.660499572753906,10.660499572753906,90906000,AMZN,10.879412,9.918000221252441,-0.7424993515014648,0.0
2011-07-27,11.219499588012695,11.359999656677246,10.980999946594238,11.12600040435791,11.12600040435791,259112000,AMZN,11.922288,9.796500205993652,-1.3295001983642578,0.0
2011-08-09,9.835000038146973,10.254500389099121,9.52299976348877,10.254500389099121,10.254500389099121,209824000,AMZN,10.793302,10.545999526977539,0.29149913787841797,0.0
2011-08-11,9.850500106811523,10.042499542236328,9.567999839782715,9.918000221252441,9.918000221252441,148038000,AMZN,10.077419,10.626999855041504,0.7089996337890625,0.0
2011-08-29,10.140999794006348,10.333499908447266,10.1274995803833,10.326499938964844,10.326499938964844,90220000,AMZN,10.685246,11.662500381469727,1.3360004425048828,0.0
2011-09-01,10.763999938964844,10.881999969482422,10.581000328063965,10.626999855041504,10.626999855041504,105506000,AMZN,10.557853,11.180500030517578,0.0,-0.5535001754760742
2011-09-06,10.238499641418457,10.829999923706055,10.22350025177002,10.809000015258789,10.809000015258789,124324000,AMZN,10.924078,11.21049976348877,0.40149974822998047,0.0
2011-09-07,10.9399995803833,11.009499549865723,10.711000442504883,10.994999885559082,10.994999885559082,105916000,AMZN,11.4657545,11.48550033569336,0.49050045013427734,0.0
2011-09-21,11.725500106811523,12.026000022888184,11.590499877929688,11.593500137329102,11.593500137329102,117630000,AMZN,11.976972,11.840499877929688,0.24699974060058594,0.0
2011-10-05,10.626500129699707,11.008500099182129,10.423999786376953,10.975000381469727,10.975000381469727,130164000,AMZN,11.969687,9.920000076293945,-1.0550003051757812,0.0
2011-10-10,11.31149959564209,11.640000343322754,11.204999923706055,11.565999984741211,11.565999984741211,102862000,AMZN,11.47473,10.67549991607666,0.0,0.8905000686645508
2011-10-17,12.214500427246094,12.33549976348877,12.033499717712402,12.116499900817871,12.116499900817871,95580000,AMZN,12.13714,10.850000381469727,-1.2664995193481445,0.0
2011-10-28,10.326499938964844,10.920000076293945,10.287500381469727,10.866000175476074,10.866000175476074,197608000,AMZN,11.790487,9.857000350952148,-1.0089998245239258,0.0
2011-11-01,10.405500411987305,10.810500144958496,10.371500015258789,10.604999542236328,10.604999542236328,170236000,AMZN,10.347828,9.616999626159668,0.0,0.9879999160766602
2011-11-04,10.882499694824219,10.911499977111816,10.716500282287598,10.824000358581543,10.824000358581543,81316000,AMZN,10.858872,9.707500457763672,-1.116499900817871,0.0
2011-11-28,9.582500457763672,9.730999946594238,9.527000427246094,9.707500457763672,9.707500457763672,144146000,AMZN,10.198322,8.966500282287598,-0.7410001754760742,0.0
2011-12-05,9.942999839782715,9.949999809265137,9.683500289916992,9.812000274658203,9.812000274658203,118442000,AMZN,9.862484,8.81350040435791,-0.998499870300293,0.0
2011-12-28,8.819499969482422,8.832500457763672,8.61400032043457,8.694499969482422,8.694499969482422,73190000,AMZN,8.914249,9.546500205993652,0.8520002365112305,0.0
2012-01-10,9.055000305175781,9.119999885559082,8.854999542236328,8.967000007629395,8.967000007629395,79716000,AMZN,9.187986,8.972999572753906,0.005999565124511719,0.0
2012-01-18,9.097000122070312,9.512499809265137,9.055999755859375,9.472000122070312,9.472000122070312,149470000,AMZN,9.625469,9.27400016784668,-0.1979999542236328,0.0
2012-01-26,9.46500015258789,9.742500305175781,9.43649959564209,9.666000366210938,9.666000366210938,117472000,AMZN,10.236325,8.996500015258789,-0.6695003509521484,0.0
2012-01-27,9.654500007629395,9.824999809265137,9.616499900817871,9.768500328063965,9.768500328063965,93180000,AMZN,10.002766,9.125,-0.6435003280639648,0.0
2012-02-06,9.314000129699707,9.32800006866455,9.145999908447266,9.156999588012695,9.156999588012695,106200000,AMZN,9.507454,9.1899995803833,0.03299999237060547,0.0
2012-02-13,9.358499526977539,9.625,9.284000396728516,9.579500198364258,9.579500198364258,121428000,AMZN,9.995965,9.054499626159668,-0.5250005722045898,0.0
2012-02-24,8.984999656677246,9.036999702453613,8.918499946594238,8.956500053405762,8.956500053405762,73374000,AMZN,9.361432,9.2524995803833,0.29599952697753906,0.0
2012-03-14,9.182499885559082,9.215999603271484,9.057000160217285,9.11299991607666,9.11299991607666,73994000,AMZN,9.522909,9.69950008392334,0.5865001678466797,0.0
2012-03-21,9.625,9.71399974822998,9.562999725341797,9.58650016784668,9.58650016784668,84288000,AMZN,9.946621,9.534500122070312,-0.05200004577636719,0.0
2012-03-22,9.527000427246094,9.70300006866455,9.512999534606934,9.619999885559082,9.619999885559082,74792000,AMZN,9.652827,9.42300033569336,-0.19699954986572266,0.0
2012-03-26,9.824000358581543,10.148500442504883,9.774999618530273,10.143500328063965,10.143500328063965,152274000,AMZN,10.496047,9.419500350952148,-0.7239999771118164,0.0
2012-03-30,10.25100040435791,10.342499732971191,10.093500137329102,10.125499725341797,10.125499725341797,88762000,AMZN,10.565435,9.411999702453613,-0.7135000228881836,0.0
2012-04-04,9.84749984741211,9.883999824523926,9.618000030517578,9.69950008392334,9.69950008392334,109138000,AMZN,9.938464,9.799500465393066,0.10000038146972656,0.0
2012-04-18,9.440999984741211,9.672499656677246,9.437000274658203,9.553500175476074,9.553500175476074,80038000,AMZN,9.999729,11.14900016784668,1.5954999923706055,0.0
2012-04-20,9.616999626159668,9.673999786376953,9.489999771118164,9.49899959564209,9.49899959564209,64872000,AMZN,9.742734,11.383999824523926,1.885000228881836,0.0
2012-04-23,9.44950008392334,9.44950008392334,9.275500297546387,9.411999702453613,9.411999702453613,69620000,AMZN,9.527525,11.146499633789062,1.7344999313354492,0.0
2012-05-07,11.118000030517578,11.343500137329102,11.114500045776367,11.258000373840332,11.258000373840332,66286000,AMZN,11.788475,10.737500190734863,-0.5205001831054688,0.0
2012-05-15,11.324999809265137,11.530500411987305,11.149999618530273,11.219499588012695,11.219499588012695,114274000,AMZN,11.95993,10.881999969482422,-0.33749961853027344,0.0
2012-06-05,10.692500114440918,10.843000411987305,10.557999610900879,10.660499572753906,10.660499572753906,70878000,AMZN,11.057935,11.280500411987305,0.6200008392333984,0.0
2012-06-13,10.776000022888184,10.869000434875488,10.675999641418457,10.736499786376953,10.736499786376953,46504000,AMZN,11.158752,11.352999687194824,0.6164999008178711,0.0
2012-06-14,10.762999534606934,10.824999809265137,10.628000259399414,10.72249984741211,10.72249984741211,61218000,AMZN,11.15841,11.2524995803833,0.5299997329711914,0.0
2012-06-20,11.225500106811523,11.237000465393066,11.041999816894531,11.151000022888184,11.151000022888184,48888000,AMZN,11.218817,10.767999649047852,-0.38300037384033203,0.0
2012-06-21,11.192000389099121,11.30150032043457,11.026000022888184,11.028499603271484,11.028499603271484,56860000,AMZN,11.381423,10.919500350952148,-0.10899925231933594,0.0
2012-06-27,11.250499725341797,11.375,11.164999961853027,11.281000137329102,11.281000137329102,55984000,AMZN,11.653498,11.308500289916992,0.027500152587890625,0.0
2012-07-25,11.100000381469727,11.125,10.795499801635742,10.852499961853027,10.852499961853027,72934000,AMZN,11.130558,11.871000289916992,1.0185003280639648,0.0
2012-07-30,11.850000381469727,12.036999702453613,11.703499794006348,11.804499626159668,11.804499626159668,74728000,AMZN,11.960712,12.017499923706055,0.21300029754638672,0.0
2012-08-01,11.706999778747559,11.718999862670898,11.53499984741211,11.604499816894531,11.604499816894531,50876000,AMZN,11.695485,12.154999732971191,0.5504999160766602,0.0
2012-08-10,11.654000282287598,11.742500305175781,11.571499824523926,11.637499809265137,11.637499809265137,37050000,AMZN,11.99781,12.41349983215332,0.7760000228881836,0.0
2012-08-17,12.029999732971191,12.167499542236328,12.023500442504883,12.058500289916992,12.058500289916992,61716000,AMZN,12.392917,12.854499816894531,0.7959995269775391,0.0
2012-08-24,12.083999633789062,12.343500137329102,12.067999839782715,12.286999702453613,12.286999702453613,73976000,AMZN,12.849522,12.899999618530273,0.6129999160766602,0.0
2012-08-31,12.403499603271484,12.47249984741211,12.274999618530273,12.41349983215332,12.41349983215332,66950000,AMZN,12.881593,12.739999771118164,0.32649993896484375,0.0
2012-09-05,12.380499839782715,12.430500030517578,12.265000343322754,12.310999870300293,12.310999870300293,53052000,AMZN,12.789894,12.483499526977539,0.1724996566772461,0.0
2012-09-12,12.824999809265137,12.888999938964844,12.675000190734863,12.781499862670898,12.781499862670898,45464000,AMZN,13.231303,12.795999526977539,0.014499664306640625,0.0
2012-09-19,12.97249984741211,13.142000198364258,12.92650032043457,13.083999633789062,13.083999633789062,52736000,AMZN,13.651052,12.249500274658203,-0.8344993591308594,0.0
2012-09-21,13.086999893188477,13.100000381469727,12.836999893188477,12.873499870300293,12.873499870300293,121186000,AMZN,13.300267,12.118000030517578,-0.7554998397827148,0.0
2012-09-24,12.76099967956543,12.779999732971191,12.649999618530273,12.739999771118164,12.739999771118164,54158000,AMZN,13.110313,12.208999633789062,-0.5310001373291016,0.0
2012-10-01,12.770000457763672,12.807999610900879,12.524499893188477,12.600500106811523,12.600500106811523,51624000,AMZN,12.925953,11.689000129699707,-0.9114999771118164,0.0
2012-10-02,12.640000343322754,12.657500267028809,12.451499938964844,12.529999732971191,12.529999732971191,43916000,AMZN,12.920428,11.715499877929688,-0.8144998550415039,0.0
2012-10-15,12.142499923706055,12.23900032043457,11.92549991607666,12.208999633789062,12.208999633789062,59196000,AMZN,12.786078,11.602999687194824,-0.6059999465942383,0.0
2012-10-19,12.258000373840332,12.340999603271484,11.946999549865723,12.0,12.0,87906000,AMZN,12.144561,11.329999923706055,-0.6700000762939453,0.0
2012-11-13,11.255999565124512,11.395000457763672,11.23550033569336,11.329999923706055,11.329999923706055,52596000,AMZN,11.634329,12.697999954223633,1.3680000305175781,0.0
2012-11-15,11.114999771118164,11.258000373840332,10.909000396728516,11.029999732971191,11.029999732971191,68094000,AMZN,11.289024,12.66349983215332,1.633500099182129,0.0
2012-11-20,11.5,11.690999984741211,11.475000381469727,11.689000129699707,11.689000129699707,55434000,AMZN,11.76076,12.588000297546387,0.8990001678466797,0.0
2012-11-27,12.16100025177002,12.283499717712402,12.07699966430664,12.170000076293945,12.170000076293945,60970000,AMZN,12.414335,13.020000457763672,0.8500003814697266,0.0
2012-12-06,12.649999618530273,12.758500099182129,12.575499534606934,12.668499946594238,12.668499946594238,71158000,AMZN,13.022844,12.258999824523926,-0.4095001220703125,0.0
2012-12-10,12.654999732971191,12.73900032043457,12.364999771118164,12.388500213623047,12.388500213623047,70076000,AMZN,12.800535,12.865500450134277,0.47700023651123047,0.0
2012-12-11,12.425000190734863,12.673999786376953,12.332500457763672,12.534500122070312,12.534500122070312,83704000,AMZN,13.111467,12.923999786376953,0.3894996643066406,0.0
2013-01-09,13.408499717712402,13.475000381469727,13.270000457763672,13.317500114440918,13.317500114440918,45312000,AMZN,13.733098,13.274999618530273,-0.04250049591064453,0.0
2013-01-10,13.427000045776367,13.437000274658203,13.114999771118164,13.267000198364258,13.267000198364258,57268000,AMZN,13.623053,13.25,-0.017000198364257812,0.0
2013-01-11,13.255000114440918,13.421500205993652,13.205499649047852,13.397000312805176,13.397000312805176,48266000,AMZN,13.884017,12.99899959564209,-0.39800071716308594,0.0
2013-01-14,13.399999618530273,13.713000297546387,13.376999855041504,13.636500358581543,13.636500358581543,85500000,AMZN,14.126628,13.344499588012695,-0.29200077056884766,0.0
2013-01-17,13.574999809265137,13.59850025177002,13.46049976348877,13.52400016784668,13.52400016784668,37692000,AMZN,14.087446,13.09749984741211,-0.4265003204345703,0.0
2013-01-18,13.541500091552734,13.725000381469727,13.479999542236328,13.605999946594238,13.605999946594238,58840000,AMZN,14.125224,12.86050033569336,-0.7454996109008789,0.0
2013-02-07,13.204999923706055,13.204999923706055,12.755499839782715,13.011500358581543,13.011500358581543,79514000,AMZN,13.112289,13.286999702453613,0.2754993438720703,0.0
2013-02-12,12.959500312805176,13.008000373840332,12.850000381469727,12.9350004196167,12.9350004196167,58874000,AMZN,13.481119,13.689499855041504,0.7544994354248047,0.0
2013-03-08,13.75,13.772000312805176,13.574999809265137,13.709500312805176,13.709500312805176,37596000,AMZN,14.1804285,13.080499649047852,-0.6290006637573242,0.0
2013-03-11,13.671500205993652,13.69950008392334,13.520000457763672,13.562000274658203,13.562000274658203,38098000,AMZN,13.984592,13.166000366210938,-0.3959999084472656,0.0
2013-03-14,13.483499526977539,13.5,13.17650032043457,13.286999702453613,13.286999702453613,104534000,AMZN,13.219115,12.77400016784668,0.0,0.5129995346069336
2013-03-22,12.727499961853027,12.888500213623047,12.603500366210938,12.887499809265137,12.887499809265137,62492000,AMZN,13.376266,13.38599967956543,0.49849987030029297,0.0
2013-03-28,13.291000366210938,13.369000434875488,13.20300006866455,13.32450008392334,13.32450008392334,49474000,AMZN,13.705552,13.015999794006348,-0.3085002899169922,0.0
2013-04-25,13.576499938964844,13.789999961853027,13.524999618530273,13.734999656677246,13.734999656677246,122330000,AMZN,13.922976,13.206000328063965,-0.5289993286132812,0.0
2013-05-10,13.043999671936035,13.182499885559082,13.010499954223633,13.181500434875488,13.181500434875488,62906000,AMZN,13.63352,13.343999862670898,0.16249942779541016,0.0
2013-05-13,13.138500213623047,13.293999671936035,13.100000381469727,13.225500106811523,13.225500106811523,42990000,AMZN,13.627657,13.28499984741211,0.05949974060058594,0.0
2013-05-17,13.291500091552734,13.49899959564209,13.25,13.494999885559082,13.494999885559082,50546000,AMZN,13.835875,14.053500175476074,0.5585002899169922,0.0
2013-05-21,13.437000274658203,13.53849983215332,13.383000373840332,13.442999839782715,13.442999839782715,34824000,AMZN,13.94772,13.583499908447266,0.14050006866455078,0.0
2013-06-06,13.387499809265137,13.524999618530273,13.21049976348877,13.391500473022461,13.391500473022461,49526000,AMZN,13.9046545,13.8774995803833,0.48599910736083984,0.0
2013-06-13,13.574999809265137,13.84000015258789,13.51449966430664,13.78950023651123,13.78950023651123,52996000,AMZN,14.289054,14.293999671936035,0.5044994354248047,0.0
2013-06-19,14.062999725341797,14.166999816894531,13.893500328063965,13.907999992370605,13.907999992370605,56550000,AMZN,14.150476,14.982999801635742,1.0749998092651367,0.0
2013-06-20,13.756999969482422,13.930000305175781,13.619500160217285,13.67199993133545,13.67199993133545,59680000,AMZN,13.797359,15.3774995803833,1.7054996490478516,0.0
2013-06-21,13.728500366210938,13.791999816894531,13.489500045776367,13.668000221252441,13.668000221252441,84020000,AMZN,14.177385,15.328499794006348,1.6604995727539062,0.0
2013-07-08,14.321000099182129,14.583499908447266,14.307000160217285,14.529500007629395,14.529500007629395,60934000,AMZN,15.098516,15.305000305175781,0.7755002975463867,0.0
2013-07-10,14.570500373840332,14.666999816894531,14.470000267028809,14.616499900817871,14.616499900817871,36204000,AMZN,14.873796,15.060999870300293,0.4444999694824219,0.0
2013-07-15,15.363499641418457,15.399499893188477,15.217499732971191,15.328499794006348,15.328499794006348,44912000,AMZN,15.580106,15.049500465393066,-0.27899932861328125,0.0
2013-07-17,15.34850025177002,15.4399995803833,15.284500122070312,15.434499740600586,15.434499740600586,40594000,AMZN,15.856079,14.845499992370605,-0.5889997482299805,0.0
2013-08-02,15.231499671936035,15.266500473022461,15.074999809265137,15.21049976348877,15.21049976348877,50052000,AMZN,15.844284,14.500499725341797,-0.7100000381469727,0.0
2013-08-16,14.327500343322754,14.416500091552734,14.225000381469727,14.241000175476074,14.241000175476074,48450000,AMZN,14.993634,14.98550033569336,0.7445001602172852,0.0
2013-08-19,14.259499549865723,14.477999687194824,14.173999786376953,14.278499603271484,14.278499603271484,49548000,AMZN,14.971708,15.017999649047852,0.7395000457763672,0.0
2013-08-20,14.293999671936035,14.475500106811523,14.286999702453613,14.354499816894531,14.354499816894531,31726000,AMZN,15.003725,14.982000350952148,0.6275005340576172,0.0
2013-08-21,14.254500389099121,14.425000190734863,14.191499710083008,14.228500366210938,14.228500366210938,36306000,AMZN,14.603762,14.942999839782715,0.7144994735717773,0.0
2013-08-22,14.239999771118164,14.493499755859375,14.239999771118164,14.486499786376953,14.486499786376953,28452000,AMZN,14.970408,14.895999908447266,0.4095001220703125,0.0
2013-08-29,14.072500228881836,14.298999786376953,14.0,14.199000358581543,14.199000358581543,31328000,AMZN,14.887044,15.81700038909912,1.6180000305175763,0.0
2013-08-30,14.229499816894531,14.243499755859375,14.0,14.048999786376953,14.048999786376953,30694000,AMZN,14.524824,15.57450008392334,1.5255002975463867,0.0
2013-09-13,15.006999969482422,15.01099967956543,14.8100004196167,14.895999908447266,14.895999908447266,27012000,AMZN,15.320077,15.951999664306639,1.0559997558593732,0.0
2013-09-18,15.20300006866455,15.63700008392334,15.145500183105469,15.601499557495117,15.601499557495117,58928000,AMZN,16.151527,14.911499977111816,-0.6899995803833008,0.0
2013-09-19,15.68850040435791,15.72700023651123,15.552000045776367,15.602999687194824,15.602999687194824,47018000,AMZN,15.990775,15.258500099182129,-0.3444995880126953,0.0
2013-09-24,15.621500015258789,15.904000282287598,15.564000129699707,15.706500053405762,15.706500053405762,40672000,AMZN,16.312893,15.31999969482422,-0.3865003585815412,0.0
2013-10-08,15.574999809265137,15.577500343322754,15.013500213623047,15.161499977111816,15.161499977111816,63324000,AMZN,15.853376,18.135000228881836,2.9735002517700195,0.0
2013-10-11,15.238499641418457,15.546500205993652,15.192000389099121,15.544500350952148,15.544500350952148,43262000,AMZN,16.15186,17.950000762939453,2.4055004119873047,0.0
2013-10-23,16.54199981689453,16.586000442504883,16.202999114990234,16.33799934387207,16.33799934387207,56364000,AMZN,16.27126,17.81100082397461,0.0,-1.473001480102539
2013-11-14,17.86949920654297,18.44700050354004,17.821500778198242,18.3700008392334,18.3700008392334,83196000,AMZN,19.310402,19.34749984741211,0.9774990081787109,0.0
2013-11-18,18.513999938964844,18.67449951171875,18.23349952697754,18.30900001525879,18.30900001525879,54748000,AMZN,18.556623,19.388999938964844,1.0799999237060547,0.0
2013-11-20,18.378000259399414,18.378000259399414,18.022499084472656,18.12849998474121,18.12849998474121,35430000,AMZN,18.909548,19.0625,0.9340000152587891,0.0
2013-11-27,19.174999237060547,19.350000381469727,19.13050079345703,19.335500717163086,19.335500717163086,45394000,AMZN,19.708866,19.75950050354004,0.4239997863769531,0.0
2013-12-02,19.950000762939453,19.950000762939453,19.454999923706055,19.614999771118164,19.614999771118164,94280000,AMZN,19.947052,20.145999908447266,0.5310001373291016,0.0
2013-12-09,19.405500411987305,19.410499572753906,19.12849998474121,19.24449920654297,19.24449920654297,55236000,AMZN,19.859217,19.93950080871582,0.6950016021728516,0.0
2013-12-16,19.25149917602539,19.584999084472656,19.25,19.44849967956543,19.44849967956543,45034000,AMZN,20.263567,20.09600067138672,0.6475009918212891,0.0
2013-12-23,20.184499740600586,20.25,19.959999084472656,20.145999908447266,20.145999908447266,53190000,AMZN,20.562653,19.793500900268555,-0.35249900817871094,0.0
2013-12-27,20.232500076293945,20.2814998626709,19.8125,19.90399932861328,19.90399932861328,39738000,AMZN,20.606476,20.352500915527344,0.4485015869140625,0.0
2014-01-02,19.940000534057617,19.968000411987305,19.701000213623047,19.898500442504883,19.898500442504883,42756000,AMZN,20.578989,19.3799991607666,-0.5185012817382812,0.0
2014-01-10,20.12649917602539,20.187999725341797,19.690000534057617,19.882999420166016,19.882999420166016,53590000,AMZN,20.237436,17.3075008392334,-2.575498580932617,0.0
2014-01-13,19.89900016784668,19.98900032043457,19.422500610351562,19.548999786376953,19.548999786376953,56898000,AMZN,20.065432,17.397499084472656,-2.151500701904297,0.0
2014-02-14,17.966999053955078,17.966999053955078,17.667499542236328,17.86750030517578,17.86750030517578,70404000,AMZN,18.65811,18.526500701904297,0.6590003967285156,0.0
2014-02-21,17.621999740600586,17.707000732421875,17.337499618530273,17.33799934387207,17.33799934387207,84200000,AMZN,17.450802,18.687000274658203,1.3490009307861328,0.0
2014-03-06,18.702499389648438,18.76650047302246,18.44499969482422,18.607999801635742,18.607999801635742,58532000,AMZN,18.906511,16.923500061035156,-1.684499740600586,0.0
2014-04-01,16.904499053955078,17.221500396728516,16.899999618530273,17.149499893188477,17.149499893188477,72002000,AMZN,17.696035,16.229000091552734,-0.9204998016357422,0.0
2014-04-03,17.090999603271484,17.125,16.42300033569336,16.680999755859375,16.680999755859375,127986000,AMZN,16.55635,15.191499710083008,0.0,1.4895000457763672
2014-04-25,15.8125,15.82450008392334,15.135499954223633,15.191499710083008,15.191499710083008,323604000,AMZN,14.265933,14.885000228881836,0.0,0.3064994812011719
2014-04-29,14.821999549865723,15.092000007629395,14.522500038146973,15.019000053405762,15.019000053405762,130186000,AMZN,16.099209,15.059499740600586,0.04049968719482422,0.0
2014-05-01,15.206500053405762,15.52400016784668,15.199999809265137,15.394499778747559,15.394499778747559,86572000,AMZN,15.77585,15.245499610900877,-0.14900016784668146,0.0
2014-05-06,15.476499557495117,15.490500450134277,14.85200023651123,14.869000434875488,14.869000434875488,93646000,AMZN,14.653804,15.508000373840332,0.0,-0.6389999389648438
2014-05-13,15.130000114440918,15.279999732971191,15.037500381469727,15.232000350952148,15.232000350952148,70198000,AMZN,15.0947895,15.338999748229979,0.0,-0.10699939727783025
2014-05-23,15.27299976348877,15.617500305175781,15.244999885559082,15.612000465393066,15.612000465393066,61058000,AMZN,15.493156,16.381000518798828,0.0,-0.7690000534057617
2014-06-02,15.629500389099121,15.630000114440918,15.350000381469727,15.442000389099121,15.442000389099121,44068000,AMZN,15.961365,16.36199951171875,0.9199991226196289,0.0
2014-06-03,15.287500381469727,15.395999908447266,15.253499984741211,15.35949993133545,15.35949993133545,47584000,AMZN,15.66094,16.20800018310547,0.8485002517700195,0.0
2014-06-12,16.77750015258789,16.77750015258789,16.232999801635742,16.295499801635742,16.295499801635742,85526000,AMZN,16.427763,16.874500274658203,0.5790004730224609,0.0
2014-07-15,17.68600082397461,17.779499053955078,17.469999313354492,17.722000122070312,17.722000122070312,83418000,AMZN,17.34003,15.616000175476072,0.0,2.10599994659424
2014-07-16,17.7810001373291,17.965999603271484,17.649999618530273,17.795000076293945,17.795000076293945,70072000,AMZN,17.77007,15.69449996948242,0.0,2.100500106811525
2014-07-29,16.099000930786133,16.145000457763672,15.975000381469727,16.0,16.0,57676000,AMZN,17.27645,16.756500244140625,0.756500244140625,0.0
2014-08-01,15.684499740600586,15.791500091552734,15.229499816894531,15.352999687194824,15.352999687194824,148830000,AMZN,15.636698,16.579500198364258,1.2265005111694336,0.0
2014-08-29,17.08799934387207,17.090999603271484,16.884000778198242,16.95199966430664,16.95199966430664,38790000,AMZN,17.546593,16.225000381469727,-0.7269992828369141,0.0
2014-09-08,17.226999282836914,17.29050064086914,16.95199966430664,17.117000579833984,17.117000579833984,59106000,AMZN,17.40192,16.090999603271484,-1.0260009765625,0.0
2014-09-10,16.71500015258789,16.749000549316406,16.44099998474121,16.566499710083008,16.566499710083008,75948000,AMZN,17.421986,15.873000144958496,-0.6934995651245117,0.0
2014-10-22,15.771499633789062,15.949000358581543,15.631999969482422,15.648500442504883,15.648500442504883,62518000,AMZN,15.806025,15.575499534606932,-0.073000907897951,0.0
2014-11-05,15.150500297546387,15.199999809265137,14.708000183105469,14.826000213623047,14.826000213623047,93490000,AMZN,15.007403,16.678499221801758,1.852499008178711,0.0
2014-11-17,16.32200050354004,16.399999618530273,15.90149974822998,16.15250015258789,16.15250015258789,95698000,AMZN,16.165369,15.625,-0.5275001525878906,0.0
2014-12-05,15.84000015258789,15.846500396728516,15.541999816894531,15.631500244140625,15.631500244140625,65304000,AMZN,16.54544,15.60200023651123,-0.02950000762939453,0.0
2014-12-22,15.097000122070312,15.368000030517578,15.097000122070312,15.32699966430664,15.32699966430664,80076000,AMZN,15.827661,14.66349983215332,-0.6634998321533203,0.0
2014-12-24,15.319000244140625,15.350000381469727,15.144000053405762,15.15149974822998,15.15149974822998,30276000,AMZN,15.192759,14.536999702453613,-0.6145000457763672,0.0
2014-12-30,15.495499610900879,15.696999549865723,15.467000007629395,15.515000343322754,15.515000343322754,41860000,AMZN,15.6825905,15.515999794006348,0.00099945068359375,0.0
2015-02-06,18.743499755859375,18.79949951171875,18.550500869750977,18.714000701904297,18.714000701904297,77848000,AMZN,19.018576,19.283000946044922,0.569000244140625,0.0
2015-03-05,19.280500411987305,19.42099952697754,19.194499969482422,19.39150047302246,19.39150047302246,53870000,AMZN,20.178799,18.36750030517578,-1.0240001678466797,0.0
2015-03-10,18.872499465942383,18.888500213623047,18.458999633789062,18.475500106811523,18.475500106811523,62420000,AMZN,19.321016,18.604999542236328,0.1294994354248047,0.0
2015-03-11,18.530500411987305,18.667499542236328,18.312999725341797,18.318500518798828,18.318500518798828,49902000,AMZN,19.324266,18.51300048828125,0.19449996948242188,0.0
2015-03-12,18.44099998474121,18.774999618530273,18.375999450683594,18.711999893188477,18.711999893188477,56200000,AMZN,19.783722,18.612499237060547,-0.09950065612792969,0.0
2015-03-16,18.518999099731445,18.69700050354004,18.336000442504883,18.667499542236328,18.667499542236328,47082000,AMZN,19.195066,18.720500946044922,0.05300140380859375,0.0
2015-03-18,18.49850082397461,18.79949951171875,18.334999084472656,18.756999969482422,18.756999969482422,53082000,AMZN,19.052809,19.177000045776367,0.4200000762939453,0.0
2015-03-23,18.903499603271484,19.088499069213867,18.746999740600586,18.75550079345703,18.75550079345703,44786000,AMZN,19.267263,19.25550079345703,0.5,0.0
2015-03-31,18.66200065612793,18.885000228881836,18.57550048828125,18.604999542236328,18.604999542236328,50122000,AMZN,18.969814,19.489999771118164,0.8850002288818359,0.0
2015-04-01,18.604999542236328,18.658000946044922,18.41699981689453,18.51300048828125,18.51300048828125,49162000,AMZN,18.76219,19.499500274658203,0.9864997863769531,0.0
2015-04-10,19.215499877929688,19.356000900268555,19.06599998474121,19.13249969482422,19.13249969482422,51470000,AMZN,19.487576,21.14349937438965,2.0109996795654297,0.0
2015-04-27,22.19300079345703,22.34950065612793,21.870500564575195,21.92799949645996,21.92799949645996,108618000,AMZN,20.766415,21.261999130249023,0.0,0.6660003662109375
2015-05-11,21.625499725341797,21.950000762939453,21.568500518798828,21.642499923706055,21.642499923706055,47874000,AMZN,22.228992,21.54949951171875,-0.09300041198730469,0.0
2015-05-12,21.554000854492188,21.662500381469727,21.335500717163086,21.551000595092773,21.551000595092773,38956000,AMZN,22.038795,21.829500198364258,0.2784996032714844,0.0
2015-05-13,21.499000549316406,21.67650032043457,21.290000915527344,21.3435001373291,21.3435001373291,39926000,AMZN,22.318462,21.538999557495117,0.19549942016601562,0.0
2015-05-19,21.243499755859375,21.41200065612793,21.0314998626709,21.085500717163086,21.085500717163086,49284000,AMZN,21.925337,21.53849983215332,0.4529991149902344,0.0
2015-05-20,21.030000686645508,21.354999542236328,20.917999267578125,21.19300079345703,21.19300079345703,43924000,AMZN,21.954102,21.648500442504883,0.45549964904785156,0.0
2015-05-21,21.399999618530273,21.844999313354492,21.399999618530273,21.581499099731445,21.581499099731445,82428000,AMZN,22.68995,21.496000289916992,-0.08549880981445312,0.0
2015-05-27,21.372499465942383,21.592500686645508,21.250499725341797,21.570999145507812,21.570999145507812,44622000,AMZN,22.467201,21.390499114990234,-0.18050003051757812,0.0
2015-06-05,21.482999801635742,21.540000915527344,21.325000762939453,21.34749984741211,21.34749984741211,38158000,AMZN,21.794369,21.905000686645508,0.5575008392333984,0.0
2015-06-09,21.148000717163086,21.374500274658203,20.957000732421875,21.27400016784668,21.27400016784668,45774000,AMZN,22.0902,21.704500198364258,0.4305000305175781,0.0
2015-06-26,22.08799934387207,22.17449951171875,21.753000259399414,21.905000686645508,21.905000686645508,52490000,AMZN,22.608643,24.405000686645508,2.5,0.0
2015-07-09,21.7450008392334,21.93600082397461,21.707500457763672,21.719499588012695,21.719499588012695,45428000,AMZN,22.72689,26.83799934387207,5.118499755859375,0.0
2015-07-21,24.395000457763672,24.444000244140625,24.127500534057617,24.399999618530273,24.399999618530273,63636000,AMZN,24.317123,26.37299919128418,0.0,-1.9729995727539062
2015-07-27,26.387500762939453,27.247499465942383,26.329999923706055,26.570499420166016,26.570499420166016,149820000,AMZN,24.854189,26.76099967956543,0.0,-0.19050025939941406
2015-07-28,26.799999237060547,26.819499969482422,26.1560001373291,26.30150032043457,26.30150032043457,105462000,AMZN,26.126984,26.750999450683594,0.0,-0.44949913024902344
2015-08-05,26.940000534057617,26.957000732421875,26.70599937438965,26.850500106811523,26.850500106811523,57788000,AMZN,28.051561,25.03849983215332,-1.8120002746582031,0.0
2015-08-17,26.56450080871582,26.937000274658203,26.356000900268555,26.76099967956543,26.76099967956543,51634000,AMZN,27.525661,25.87700080871582,-0.8839988708496094,0.0
2015-09-03,25.725000381469727,25.79199981689453,25.12849998474121,25.236000061035156,25.236000061035156,62994000,AMZN,26.376972,26.212499618530273,0.9764995574951172,0.0
2015-09-18,26.731000900268555,27.312000274658203,26.5674991607666,27.01300048828125,27.01300048828125,123202000,AMZN,27.063158,26.989999771118164,-0.023000717163085938,0.0
2015-10-23,30.884000778198242,30.97249984741211,29.76799964904785,29.951499938964844,29.951499938964844,213854000,AMZN,32.26615,32.11750030517578,2.1660003662109375,0.0
2015-11-02,31.35650062561035,31.431499481201172,31.02050018310547,31.417499542236328,31.417499542236328,56330000,AMZN,32.018917,33.949501037597656,2.532001495361328,0.0
2015-11-03,31.476499557495117,31.49449920654297,31.100000381469727,31.265499114990234,31.265499114990234,64938000,AMZN,32.217506,33.557498931884766,2.2919998168945312,0.0
2015-11-05,32.35499954223633,32.849998474121094,32.15449905395508,32.782501220703125,32.782501220703125,94476000,AMZN,33.671757,33.66299819946289,0.8804969787597656,0.0
2015-11-06,32.75,33.112998962402344,32.599998474121094,32.96849822998047,32.96849822998047,81844000,AMZN,33.31057,33.2400016784668,0.2715034484863281,0.0
2015-11-10,32.550498962402344,33.0,32.362998962402344,32.98400115966797,32.98400115966797,69790000,AMZN,33.471672,33.800498962402344,0.816497802734375,0.0
2015-11-12,33.650001525878906,33.78200149536133,33.21099853515625,33.279998779296875,33.279998779296875,85694000,AMZN,34.299362,33.63199996948242,0.3520011901855469,0.0
2015-11-17,32.532501220703125,32.662498474121094,32.04999923706055,32.165000915527344,32.165000915527344,86404000,AMZN,34.220325,33.239498138427734,1.0744972229003906,0.0
2015-11-18,32.32550048828125,33.24399948120117,32.31850051879883,33.176998138427734,33.176998138427734,89396000,AMZN,34.468876,33.11600112915039,-0.06099700927734375,0.0
2015-11-19,33.2495002746582,33.643001556396484,32.95000076293945,33.063499450683594,33.063499450683594,94104000,AMZN,34.45121,32.00749969482422,-1.055999755859375,0.0
2015-12-04,33.29999923706055,33.73899841308594,33.06999969482422,33.63199996948242,33.63199996948242,90696000,AMZN,34.186466,33.7599983215332,0.12799835205078125,0.0
2015-12-08,33.15650177001953,33.9995002746582,32.989498138427734,33.86650085449219,33.86650085449219,73038000,AMZN,34.55097,34.45349884033203,0.5869979858398438,0.0
2015-12-23,33.32500076293945,33.33000183105469,32.83150100708008,33.185001373291016,33.185001373291016,54458000,AMZN,34.085434,28.509000778198242,-4.676000595092773,0.0
2015-12-30,34.59450149536133,34.77450180053711,34.319000244140625,34.45349884033203,34.45349884033203,70380000,AMZN,34.424473,29.819000244140625,0.0,4.634498596191406
2016-01-12,31.262500762939453,31.29949951171875,30.61199951171875,30.894500732421875,30.894500732421875,94482000,AMZN,31.617495,26.553499221801758,-4.341001510620117,0.0
2016-01-19,28.85449981689453,29.200000762939453,28.322500228881836,28.724000930786133,28.724000930786133,96144000,AMZN,30.384829,24.103500366210938,-4.620500564575195,0.0
2016-01-25,29.899499893188477,30.424999237060547,29.72800064086914,29.826499938964844,29.826499938964844,87922000,AMZN,29.325869,26.05500030517578,0.0,3.7714996337890625
2016-01-26,30.172500610351562,30.225000381469727,29.518999099731445,30.0625,30.0625,75314000,AMZN,29.091383,26.704999923706055,0.0,3.3575000762939453
2016-02-01,28.907499313354492,29.09000015258789,28.515499114990234,28.74049949645996,28.74049949645996,127102000,AMZN,29.034798,27.64699935913086,-1.0935001373291016,0.0
2016-02-08,24.32349967956543,24.674999237060547,23.760499954223633,24.405000686645508,24.405000686645508,196510000,AMZN,23.985634,28.95199966430664,0.0,-4.546998977661133
2016-02-11,24.558500289916992,25.46500015258789,24.200000762939453,25.19099998474121,25.19099998474121,147948000,AMZN,25.186363,28.756999969482422,0.0,-3.565999984741211
2016-02-17,26.437000274658203,26.874000549316406,25.969499588012695,26.704999923706055,26.704999923706055,96480000,AMZN,25.98802,27.973499298095703,0.0,-1.2684993743896484
2016-03-08,27.89349937438965,28.5674991607666,27.73699951171875,28.01300048828125,28.01300048828125,94600000,AMZN,28.893274,29.934499740600586,1.921499252319336,0.0
2016-03-17,28.475500106811523,28.56999969482422,27.750499725341797,27.972000122070312,27.972000122070312,118562000,AMZN,28.12079,29.729999542236328,1.7579994201660156,0.0
2016-04-04,29.950000762939453,29.975000381469727,29.52750015258789,29.659500122070312,29.659500122070312,49416000,AMZN,30.680185,31.309999465942383,1.6504993438720703,0.0
2016-04-07,29.937999725341797,29.979999542236328,29.45400047302246,29.571500778198242,29.571500778198242,63780000,AMZN,30.16502,30.100000381469727,0.5284996032714844,0.0
2016-04-15,31.09600067138672,31.338499069213867,30.905500411987305,31.29450035095215,31.29450035095215,57754000,AMZN,31.663986,33.6974983215332,2.4029979705810547,0.0
2016-04-22,31.223499298095703,31.412500381469727,30.577999114990234,31.024999618530273,31.024999618530273,101678000,AMZN,31.443253,35.49599838256836,4.470998764038086,0.0
2016-05-03,33.86800003051758,34.01499938964844,33.52149963378906,33.566001892089844,33.566001892089844,98468000,AMZN,32.91697,35.209999084472656,0.0,-1.6439971923828125
2016-05-13,35.731998443603516,35.962501525878906,35.32550048828125,35.49599838256836,35.49599838256836,95268000,AMZN,35.002953,36.33649826049805,0.0,-0.8404998779296875
2016-05-26,35.416500091552734,35.75,35.364498138427734,35.74549865722656,35.74549865722656,48934000,AMZN,36.673054,35.31949996948242,-0.4259986877441406,0.0
2016-05-27,35.75,35.83000183105469,35.55500030517578,35.61199951171875,35.61199951171875,44984000,AMZN,36.844543,35.70050048828125,0.0885009765625,0.0
2016-06-08,36.31999969482422,36.47100067138672,36.08000183105469,36.332000732421875,36.332000732421875,44468000,AMZN,37.458057,35.779998779296875,-0.552001953125,0.0
2016-06-09,36.154998779296875,36.445499420166016,36.1150016784668,36.38249969482422,36.38249969482422,43406000,AMZN,37.472767,35.78099822998047,-0.60150146484375,0.0
2016-06-17,35.90950012207031,35.90999984741211,34.95899963378906,35.31949996948242,35.31949996948242,117956000,AMZN,36.243225,37.68899917602539,2.3694992065429688,0.0
2016-06-20,35.67499923706055,36.06549835205078,35.54050064086914,35.70050048828125,35.70050048828125,73544000,AMZN,37.048176,37.410499572753906,1.7099990844726562,0.0
2016-06-29,35.787498474121094,35.974998474121094,35.676998138427734,35.779998779296875,35.779998779296875,61402000,AMZN,37.065502,37.221500396728516,1.4415016174316406,0.0
2016-07-01,35.86600112915039,36.400001525878906,35.82699966430664,36.284000396728516,36.284000396728516,58408000,AMZN,36.79748,36.980499267578125,0.6964988708496094,0.0
2016-07-05,36.13999938964844,36.47800064086914,35.980499267578125,36.404998779296875,36.404998779296875,48628000,AMZN,36.573902,36.77949905395508,0.3745002746582031,0.0
2016-07-08,37.00699996948242,37.30500030517578,36.900001525878906,37.29050064086914,37.29050064086914,68584000,AMZN,37.76008,37.94049835205078,0.6499977111816406,0.0
2016-07-13,37.3380012512207,37.84349822998047,37.0625,37.131500244140625,37.131500244140625,82846000,AMZN,37.67192,37.731998443603516,0.6004981994628906,0.0
2016-07-21,37.375,37.46799850463867,37.13949966430664,37.221500396728516,37.221500396728516,46342000,AMZN,38.265434,38.5620002746582,1.3404998779296875,0.0
2016-07-27,36.89849853515625,37.047000885009766,36.69300079345703,36.833499908447266,36.833499908447266,58262000,AMZN,38.121525,38.23149871826172,1.3979988098144531,0.0
2016-07-29,38.25,38.29999923706055,37.75,37.94049835205078,37.94049835205078,135542000,AMZN,39.17633,37.865501403808594,-0.0749969482421875,0.0
2016-08-02,38.19049835205078,38.2504997253418,37.85100173950195,38.02899932861328,38.02899932861328,72066000,AMZN,38.200974,38.122501373291016,0.09350204467773438,0.0
2016-08-09,38.36949920654297,38.630001068115234,38.345001220703125,38.41550064086914,38.41550064086914,37522000,AMZN,39.6037,38.37900161743164,-0.0364990234375,0.0
2016-08-10,38.4900016784668,38.60499954223633,38.30950164794922,38.428001403808594,38.428001403808594,32086000,AMZN,39.371094,38.45800018310547,0.029998779296875,0.0
2016-08-16,38.430999755859375,38.436500549316406,38.191001892089844,38.20199966430664,38.20199966430664,32092000,AMZN,39.441326,39.2239990234375,1.0219993591308594,0.0
2016-08-22,37.875,37.99250030517578,37.60499954223633,37.9739990234375,37.9739990234375,33586000,AMZN,39.19372,38.050498962402344,0.07649993896484375,0.0
2016-08-26,38.002498626708984,38.5,37.9900016784668,38.45000076293945,38.45000076293945,55536000,AMZN,39.708286,38.755001068115234,0.30500030517578125,0.0
2016-08-29,38.43600082397461,38.749000549316406,38.43000030517578,38.56449890136719,38.56449890136719,43972000,AMZN,39.77148,39.01100158691406,0.446502685546875,0.0
2016-08-30,38.5525016784668,38.59199905395508,38.27799987792969,38.37900161743164,38.37900161743164,34184000,AMZN,39.219006,39.48699951171875,1.1079978942871094,0.0
2016-09-09,38.96799850463867,39.04999923706055,38.00550079345703,38.00699996948242,38.00699996948242,85146000,AMZN,38.608566,41.865501403808594,3.858501434326172,0.0
2016-09-15,38.099998474121094,38.54349899291992,37.87900161743164,38.484500885009766,38.484500885009766,60680000,AMZN,39.681522,42.08300018310547,3.598499298095703,0.0
2016-09-16,38.66400146484375,39.02299880981445,38.58300018310547,38.92599868774414,38.92599868774414,109984000,AMZN,39.96866,41.971500396728516,3.045501708984375,0.0
2016-09-21,39.162498474121094,39.53450012207031,38.95050048828125,39.48699951171875,39.48699951171875,54372000,AMZN,40.248154,41.704498291015625,2.217498779296875,0.0
2016-09-23,40.15650177001953,40.38750076293945,40.10599899291992,40.287498474121094,40.287498474121094,47070000,AMZN,40.944977,41.14799880981445,0.8605003356933594,0.0
2016-09-27,40.092498779296875,40.832000732421875,40.05550003051758,40.80550003051758,40.80550003051758,76392000,AMZN,41.51113,40.88249969482422,0.07699966430664062,0.0
2016-09-29,41.41299819946289,41.875,41.23149871826172,41.45249938964844,41.45249938964844,98444000,AMZN,41.890526,40.51599884033203,-0.9365005493164062,0.0
2016-09-30,41.63050079345703,41.997501373291016,41.619998931884766,41.865501403808594,41.865501403808594,88612000,AMZN,42.293423,40.949501037597656,-0.9160003662109375,0.0
2016-10-05,41.900001525878906,42.28350067138672,41.805999755859375,42.21799850463867,42.21799850463867,69382000,AMZN,43.164356,41.12950134277344,-1.0884971618652344,0.0
2016-10-06,42.185001373291016,42.36050033569336,42.029998779296875,42.08300018310547,42.08300018310547,53680000,AMZN,43.245922,40.917999267578125,-1.1650009155273438,0.0
2016-10-11,42.05099868774414,42.06449890136719,41.41749954223633,41.54999923706055,41.54999923706055,71764000,AMZN,42.625275,39.27050018310547,-2.279499053955078,0.0
2016-10-18,41.105499267578125,41.16299819946289,40.750999450683594,40.88249969482422,40.88249969482422,50250000,AMZN,42.87131,39.38750076293945,-1.4949989318847656,0.0
2016-10-21,40.46799850463867,40.97100067138672,40.45000076293945,40.949501037597656,40.949501037597656,55860000,AMZN,42.448975,36.95050048828125,-3.9990005493164062,0.0
2016-10-26,41.63800048828125,41.672000885009766,41.0,41.12950134277344,41.12950134277344,79962000,AMZN,41.539318,37.324501037597656,-3.8050003051757812,0.0
2016-11-01,39.95000076293945,40.04199981689453,38.83549880981445,39.27050018310547,39.27050018310547,106108000,AMZN,40.9328,39.26649856567383,-0.004001617431640625,0.0
2016-11-03,38.252498626708984,38.849998474121094,38.20000076293945,38.35150146484375,38.35150146484375,77450000,AMZN,39.67553,39.01850128173828,0.6669998168945312,0.0
2016-11-04,38.13949966430664,38.29999923706055,37.6614990234375,37.752498626708984,37.752498626708984,102442000,AMZN,38.47267,38.3385009765625,0.5860023498535156,0.0
2016-11-17,37.465999603271484,37.875,37.400001525878906,37.81999969482422,37.81999969482422,73802000,AMZN,38.036438,38.43299865722656,0.6129989624023438,0.0
2016-12-09,38.5,38.51250076293945,38.266998291015625,38.43299865722656,38.43299865722656,49418000,AMZN,38.859093,37.68349838256836,-0.7495002746582031,0.0
2016-12-12,38.31999969482422,38.34450149536133,37.86000061035156,38.00600051879883,38.00600051879883,59278000,AMZN,38.55991,37.85900115966797,-0.14699935913085938,0.0
2016-12-15,38.31399917602539,38.45500183105469,38.015499114990234,38.04999923706055,38.04999923706055,76038000,AMZN,38.65639,39.84600067138672,1.7960014343261719,0.0
2016-12-19,37.94449996948242,38.525001525878906,37.80799865722656,38.29999923706055,38.29999923706055,62264000,AMZN,39.362766,39.95100021362305,1.6510009765625,0.0
2016-12-21,38.5,38.56100082397461,38.28499984741211,38.529998779296875,38.529998779296875,40892000,AMZN,39.244465,40.856998443603516,2.3269996643066406,0.0
2016-12-30,38.32350158691406,38.369998931884766,37.41400146484375,37.493499755859375,37.493499755859375,82788000,AMZN,38.39145,41.12200164794922,3.6285018920898438,0.0
2017-01-04,37.919498443603516,37.98400115966797,37.709999084472656,37.85900115966797,37.85900115966797,50210000,AMZN,39.261868,41.95750045776367,4.098499298095703,0.0
2017-01-20,40.763999938964844,40.80099868774414,40.3129997253418,40.416500091552734,40.416500091552734,67524000,AMZN,41.514946,41.37300109863281,0.9565010070800781,0.0
2017-01-25,41.28950119018555,41.87099838256836,41.26449966430664,41.82600021362305,41.82600021362305,78452000,AMZN,42.794697,42.1349983215332,0.30899810791015625,0.0
2017-01-27,41.95000076293945,41.98500061035156,41.47200012207031,41.78850173950195,41.78850173950195,59974000,AMZN,42.336254,42.253501892089844,0.4650001525878906,0.0
2017-02-02,41.829498291015625,42.1245002746582,41.41299819946289,41.997501373291016,41.997501373291016,147010000,AMZN,43.099857,42.262001037597656,0.2644996643066406,0.0
2017-02-09,41.08000183105469,41.25,40.98550033569336,41.06800079345703,41.06800079345703,49698000,AMZN,42.54606,42.49399948120117,1.4259986877441406,0.0
2017-02-16,42.09199905395508,42.25,41.96900177001953,42.207000732421875,42.207000732421875,54294000,AMZN,43.150013,42.62300109863281,0.4160003662109375,0.0
2017-02-17,42.099998474121094,42.36349868774414,42.0364990234375,42.253501892089844,42.253501892089844,62246000,AMZN,43.181965,42.72949981689453,0.4759979248046875,0.0
2017-02-22,42.84749984741211,42.92150115966797,42.60900115966797,42.78049850463867,42.78049850463867,52340000,AMZN,43.73268,42.64849853515625,-0.13199996948242188,0.0
2017-02-24,42.234500885009766,42.29050064086914,41.88750076293945,42.262001037597656,42.262001037597656,73760000,AMZN,42.61932,42.615501403808594,0.3535003662109375,0.0
2017-03-01,42.65250015258789,42.74150085449219,42.45050048828125,42.65399932861328,42.65399932861328,55202000,AMZN,44.078484,42.40299987792969,-0.25099945068359375,0.0
2017-03-02,42.65399932861328,42.74100112915039,42.36399841308594,42.445499420166016,42.445499420166016,42642000,AMZN,43.74948,42.36899948120117,-0.07649993896484375,0.0
2017-03-17,42.67449951171875,42.69150161743164,42.53200149536133,42.615501403808594,42.615501403808594,67688000,AMZN,43.71737,44.74399948120117,2.128498077392578,0.0
2017-03-28,42.587501525878906,42.92300033569336,42.505001068115234,42.79999923706055,42.79999923706055,60832000,AMZN,44.34109,44.959999084472656,2.1599998474121094,0.0
2017-03-31,43.849998474121094,44.51750183105469,43.83250045776367,44.32699966430664,44.32699966430664,79152000,AMZN,44.712685,45.37049865722656,1.0434989929199219,0.0
2017-04-05,45.54100036621094,46.18600082397461,45.28099822998047,45.4640007019043,45.4640007019043,150168000,AMZN,46.07048,45.91899871826172,0.4549980163574219,0.0
2017-04-18,45.04949951171875,45.480499267578125,45.03900146484375,45.18899917602539,45.18899917602539,59984000,AMZN,46.621544,47.64099884033203,2.4519996643066406,0.0
2017-04-21,45.13349914550781,45.182498931884766,44.8385009765625,44.92649841308594,44.92649841308594,48410000,AMZN,46.320007,48.067501068115234,3.141002655029297,0.0
2017-04-24,45.433998107910156,45.4995002746582,45.191001892089844,45.37049865722656,45.37049865722656,62458000,AMZN,46.909122,47.89849853515625,2.5279998779296875,0.0
2017-04-27,45.71950149536133,46.09299850463867,45.605499267578125,45.91899871826172,45.91899871826172,106110000,AMZN,46.992844,47.92449951171875,2.0055007934570312,0.0
2017-05-03,47.29999923706055,47.29999923706055,46.79499816894531,47.05149841308594,47.05149841308594,71654000,AMZN,47.518856,49.01750183105469,1.96600341796875,0.0
2017-05-05,47.0260009765625,47.03950119018555,46.51499938964844,46.70750045776367,46.70750045776367,57328000,AMZN,47.900154,49.78900146484375,3.081501007080078,0.0
2017-05-08,47.04750061035156,47.45249938964844,46.96049880981445,47.45199966430664,47.45199966430664,68314000,AMZN,48.984818,49.834999084472656,2.3829994201660156,0.0
2017-05-09,47.63999938964844,47.894500732421875,47.5099983215332,47.64099884033203,47.64099884033203,65242000,AMZN,49.182648,49.73099899291992,2.0900001525878906,0.0
2017-05-10,47.67499923706055,47.6875,47.25,47.4474983215332,47.4474983215332,41930000,AMZN,48.51423,49.79750061035156,2.3500022888183594,0.0
2017-05-19,48.141998291015625,48.44599914550781,47.986000061035156,47.992000579833984,47.992000579833984,79442000,AMZN,49.645123,48.24549865722656,0.2534980773925781,0.0
2017-05-23,48.750999450683594,48.7599983215332,48.342498779296875,48.57699966430664,48.57699966430664,48312000,AMZN,49.958427,48.82350158691406,0.24650192260742188,0.0
2017-06-06,50.599998474121094,50.82500076293945,50.0625,50.150001525878906,50.150001525878906,66928000,AMZN,51.462822,48.8390007019043,-1.3110008239746094,0.0
2017-06-13,48.89950180053711,49.224998474121094,48.30500030517578,49.03950119018555,49.03950119018555,91600000,AMZN,51.383163,48.56999969482422,-0.4695014953613281,0.0
2017-06-14,49.429500579833984,49.516998291015625,48.33549880981445,48.82350158691406,48.82350158691406,79498000,AMZN,50.61895,48.25699996948242,-0.5665016174316406,0.0
2017-06-15,47.935001373291016,48.2864990234375,47.542999267578125,48.208499908447266,48.208499908447266,107478000,AMZN,49.121113,48.9379997253418,0.7294998168945312,0.0
2017-06-20,49.900001525878906,50.24399948120117,49.60100173950195,49.62950134277344,49.62950134277344,81536000,AMZN,49.59372,50.32550048828125,0.0,-0.6959991455078125
2017-07-03,48.63949966430664,48.7244987487793,47.54999923706055,47.68299865722656,47.68299865722656,58182000,AMZN,49.191296,51.993499755859375,4.3105010986328125,0.0
2017-07-05,48.076499938964844,48.75,47.76250076293945,48.56999969482422,48.56999969482422,73060000,AMZN,50.071644,52.63999938964844,4.069999694824219,0.0
2017-07-10,49.25,49.97200012207031,49.17499923706055,49.82350158691406,49.82350158691406,70926000,AMZN,51.0488,49.388999938964844,-0.43450164794921875,0.0
2017-07-17,50.234500885009766,50.73749923706055,50.19049835205078,50.50199890136719,50.50199890136719,74252000,AMZN,51.647182,49.61349868774414,-0.8885002136230469,0.0
2017-07-21,51.06399917602539,51.30500030517578,50.54999923706055,51.28350067138672,51.28350067138672,54692000,AMZN,51.685314,48.39950180053711,-2.8839988708496094,0.0
2017-07-26,52.15999984741211,52.65999984741211,52.15999984741211,52.63999938964844,52.63999938964844,58426000,AMZN,53.791977,48.909000396728516,-3.730998992919922,0.0
2017-07-28,50.606998443603516,51.64250183105469,50.04999923706055,51.00199890136719,51.00199890136719,154188000,AMZN,50.45923,47.923500061035156,0.0,3.0784988403320312
2017-08-01,49.80550003051758,50.31999969482422,49.57899856567383,49.80950164794922,49.80950164794922,91452000,AMZN,51.577244,48.345001220703125,-1.4645004272460938,0.0
2017-08-03,49.9734992980957,49.974998474121094,49.22949981689453,49.34600067138672,49.34600067138672,65116000,AMZN,51.705887,47.622501373291016,-1.7234992980957031,0.0
2017-08-11,48.0,48.519500732421875,47.569000244140625,48.39950180053711,48.39950180053711,69360000,AMZN,49.904423,48.912498474121094,0.5129966735839844,0.0
2017-08-14,48.920501708984375,49.275001525878906,48.80950164794922,49.165000915527344,49.165000915527344,63458000,AMZN,51.373356,48.26350021362305,-0.9015007019042969,0.0
2017-08-15,49.44499969482422,49.58700180053711,49.099998474121094,49.137001037597656,49.137001037597656,50986000,AMZN,50.97155,48.38999938964844,-0.7470016479492188,0.0
2017-08-16,49.08250045776367,49.323001861572266,48.6609992980957,48.909000396728516,48.909000396728516,62642000,AMZN,50.00723,48.9734992980957,0.0644989013671875,0.0
2017-08-22,47.7760009765625,48.39649963378906,47.775001525878906,48.345001220703125,48.345001220703125,55000000,AMZN,49.861534,49.97999954223633,1.6349983215332031,0.0
2017-09-06,48.41600036621094,48.59199905395508,48.029998779296875,48.38999938964844,48.38999938964844,42598000,AMZN,49.166916,47.54349899291992,-0.8465003967285156,0.0
2017-09-08,48.95500183105469,48.99399948120117,48.173500061035156,48.29499816894531,48.29499816894531,52106000,AMZN,49.404354,48.067501068115234,-0.22749710083007812,0.0
2017-09-20,48.589500427246094,48.740501403808594,48.108001708984375,48.660499572753906,48.660499572753906,57776000,AMZN,50.131783,49.75,1.0895004272460938,0.0
2017-09-21,48.56549835205078,48.584999084472656,48.10100173950195,48.23249816894531,48.23249816894531,46752000,AMZN,50.07249,50.04650115966797,1.8140029907226562,0.0
2017-09-22,48.050498962402344,48.28049850463867,47.72100067138672,47.755001068115234,47.755001068115234,52836000,AMZN,49.434002,50.14699935913086,2.391998291015625,0.0
2017-09-29,48.00550079345703,48.24150085449219,47.91899871826172,48.067501068115234,48.067501068115234,50876000,AMZN,49.567463,49.14550018310547,1.0779991149902344,0.0
2017-10-02,48.20000076293945,48.365501403808594,47.60599899291992,47.95949935913086,47.95949935913086,48858000,AMZN,49.11937,48.314998626708984,0.355499267578125,0.0
2017-10-03,47.900001525878906,48.18450164794922,47.51850128173828,47.85499954223633,47.85499954223633,53332000,AMZN,48.789906,48.79499816894531,0.9399986267089844,0.0
2017-10-11,49.563499450683594,49.775001525878906,49.334999084472656,49.75,49.75,46742000,AMZN,50.52812,55.183998107910156,5.433998107910156,0.0
2017-10-16,50.422000885009766,50.47850036621094,50.051998138427734,50.31700134277344,50.31700134277344,40178000,AMZN,51.349945,56.03300094604492,5.715999603271484,0.0
2017-10-24,48.45000076293945,48.99250030517578,48.25,48.79499816894531,48.79499816894531,54478000,AMZN,50.636448,56.84199905395508,8.047000885009766,0.0
2017-10-25,48.900001525878906,49.22200012207031,48.3120002746582,48.64550018310547,48.64550018310547,60662000,AMZN,50.684357,56.33449935913086,7.688999176025391,0.0
2017-11-01,55.27000045776367,55.44850158691406,54.83700180053711,55.183998107910156,55.183998107910156,75110000,AMZN,54.333355,57.80799865722656,0.0,-2.6240005493164062
2017-12-12,58.32550048828125,58.68000030517578,58.080501556396484,58.25400161743164,58.25400161743164,44718000,AMZN,59.766827,60.47949981689453,2.2254981994628906,0.0
2017-12-13,58.5,58.54349899291992,58.01350021362305,58.20650100708008,58.20650100708008,52336000,AMZN,59.7577,61.457000732421875,3.250499725341797,0.0
2017-12-18,59.368499755859375,59.73899841308594,59.045501708984375,59.52899932861328,59.52899932861328,58952000,AMZN,61.400642,62.71649932861328,3.1875,0.0
2017-12-22,58.604000091552734,58.73099899291992,58.39149856567383,58.417999267578125,58.417999267578125,31702000,AMZN,60.233498,64.75,6.332000732421875,0.0
2018-01-03,59.415000915527344,60.27450180053711,59.415000915527344,60.209999084472656,60.209999084472656,62176000,AMZN,61.715225,68.89749908447266,8.6875,0.0
2018-01-04,60.25,60.79349899291992,60.233001708984375,60.47949981689453,60.47949981689453,60442000,AMZN,62.019466,70.10250091552734,9.623001098632812,0.0
2018-01-09,62.845001220703125,62.96649932861328,62.0880012512207,62.6349983215332,62.6349983215332,73226000,AMZN,63.619087,72.54450225830078,9.909503936767578,0.0
2018-01-12,63.669498443603516,65.28800201416016,63.669498443603516,65.26000213623047,65.26000213623047,108874000,AMZN,65.80323,69.5,4.239997863769531,0.0
2018-01-18,64.69750213623047,65.2300033569336,64.20099639892578,64.66600036621094,64.66600036621094,80538000,AMZN,65.26163,67.5250015258789,2.8590011596679688,0.0
2018-02-05,70.13099670410156,72.9489974975586,66.03600311279297,69.5,69.5,229900000,AMZN,69.05917,75.5989990234375,0.0,-6.0989990234375
2018-02-07,72.44999694824219,73.04949951171875,70.75749969482422,70.83899688720703,70.83899688720703,143254000,AMZN,73.18692,74.67250061035156,3.8335037231445312,0.0
2018-02-22,74.76799774169922,75.12699890136719,73.78800201416016,74.26699829101562,74.26699829101562,97162000,AMZN,75.12577,79.11599731445312,4.8489990234375,0.0
2018-02-26,75.45999908447266,76.14199829101562,75.3499984741211,76.09750366210938,76.09750366210938,99100000,AMZN,77.56458,77.24649810791016,1.1489944458007812,0.0
2018-02-27,76.2249984741211,76.33899688720703,75.3604965209961,75.5989990234375,75.5989990234375,96176000,AMZN,77.31649,79.32550048828125,3.72650146484375,0.0
2018-02-28,75.97550201416016,76.43499755859375,75.5999984741211,75.62249755859375,75.62249755859375,90300000,AMZN,77.46088,79.09300231933594,3.4705047607421875,0.0
2018-03-01,75.68000030517578,75.92449951171875,73.25,74.67250061035156,74.67250061035156,136704000,AMZN,75.766106,77.24600219726562,2.5735015869140625,0.0
2018-03-02,73.45500183105469,75.05249786376953,72.75050354003906,75.01249694824219,75.01249694824219,131752000,AMZN,75.2832,74.77799987792969,-0.2344970703125,0.0
2018-03-07,76.32599639892578,77.29499816894531,76.12550354003906,77.25,77.25,83482000,AMZN,78.665016,71.57099914550781,-5.6790008544921875,0.0
2018-03-23,76.95050048828125,77.45099639892578,74.76799774169922,74.77799987792969,74.77799987792969,160120000,AMZN,77.327065,72.07499694824219,-2.7030029296875,0.0
2018-04-23,77.33450317382812,77.4000015258789,75.17050170898438,75.89299774169922,75.89299774169922,89308000,AMZN,76.07489,80.0770034790039,4.1840057373046875,0.0
2018-04-25,72.9000015258789,73.49949645996094,70.7509994506836,73.00849914550781,73.00849914550781,131746000,AMZN,72.54319,79.36399841308594,0.0,-6.355499267578125
2018-04-30,79.125,79.80000305175781,78.0469970703125,78.30650329589844,78.30650329589844,109282000,AMZN,79.55794,79.27300262451172,0.9664993286132812,0.0
2018-05-04,78.12249755859375,79.24500274658203,78.1094970703125,79.04750061035156,79.04750061035156,68872000,AMZN,79.61576,80.50749969482422,1.4599990844726562,0.0
2018-05-21,79.25,79.60250091552734,78.75,79.27300262451172,79.27300262451172,58504000,AMZN,82.40543,84.9375,5.664497375488281,0.0
2018-05-22,79.49449920654297,79.49449920654297,78.76249694824219,79.06999969482422,79.06999969482422,42312000,AMZN,82.20568,85.24299621582031,6.172996520996094,0.0
2018-05-23,78.55249786376953,80.09300231933594,78.31700134277344,80.09300231933594,80.09300231933594,67238000,AMZN,82.26426,86.19300079345703,6.099998474121094,0.0
2018-06-01,81.85150146484375,82.33650207519531,81.75450134277344,82.0770034790039,82.0770034790039,66268000,AMZN,84.51012,85.78350067138672,3.7064971923828125,0.0
2018-06-07,84.9280014038086,84.99500274658203,83.80549621582031,84.46499633789062,84.46499633789062,75314000,AMZN,86.04818,85.07250213623047,0.6075057983398438,0.0
2018-06-13,85.1405029296875,85.6875,85.00599670410156,85.24299621582031,85.24299621582031,66550000,AMZN,87.617325,84.98650360107422,-0.25649261474609375,0.0
2018-06-19,85.4520034790039,86.80549621582031,85.01950073242188,86.73899841308594,86.73899841308594,85802000,AMZN,87.97891,87.75,1.0110015869140625,0.0
2018-06-21,88.0,88.15499877929688,85.87799835205078,86.51100158691406,86.51100158691406,98822000,AMZN,88.60177,90.65149688720703,4.140495300292969,0.0
2018-06-25,85.12550354003906,85.25,82.31549835205078,83.15750122070312,83.15750122070312,150224000,AMZN,84.999886,92.19650268554688,9.03900146484375,0.0
2018-07-03,86.197998046875,86.25,84.6240005493164,84.697998046875,84.697998046875,43546000,AMZN,88.04319,93.18049621582031,8.482498168945312,0.0
2018-07-06,84.80000305175781,85.76349639892578,84.58350372314453,85.53150177001953,85.53150177001953,53006000,AMZN,87.766685,90.8635025024414,5.332000732421875,0.0
2018-07-11,86.89949798583984,87.8479995727539,86.69999694824219,87.75,87.75,64196000,AMZN,89.97702,89.8584976196289,2.1084976196289062,0.0
2018-07-12,88.22550201416016,89.9000015258789,88.10900115966797,89.83100128173828,89.83100128173828,90654000,AMZN,91.789024,91.71649932861328,1.885498046875,0.0
2018-07-13,90.19650268554688,90.76499938964844,89.7614974975586,90.65149688720703,90.65149688720703,87664000,AMZN,92.658356,91.16449737548828,0.51300048828125,0.0
2018-07-31,89.32450103759766,90.09149932861328,86.96600341796875,88.87200164794922,88.87200164794922,114774000,AMZN,89.36293,94.1709976196289,5.2989959716796875,0.0
2018-08-15,95.47750091552734,95.81050109863281,93.489501953125,94.13099670410156,94.13099670410156,154014000,AMZN,95.924194,97.91549682617188,3.7845001220703125,0.0
2018-08-22,93.83200073242188,95.29000091552734,93.83200073242188,95.24500274658203,95.24500274658203,61610000,AMZN,97.485725,99.49349975585938,4.248497009277344,0.0
2018-09-05,101.90550231933594,102.01899719238281,99.49449920654297,99.74099731445312,99.74099731445312,164412000,AMZN,102.04612,98.74250030517578,-0.9984970092773438,0.0
2018-09-19,97.0250015258789,97.04149627685547,95.24500274658203,96.32099914550781,96.32099914550781,81136000,AMZN,97.89942,87.76249694824219,-8.558502197265625,0.0
2018-09-20,96.92900085449219,97.75,96.61250305175781,97.21499633789062,97.21499633789062,63098000,AMZN,99.294716,85.96800231933594,-11.246994018554688,0.0
2018-09-24,95.18949890136719,96.84400177001953,93.25,96.71800231933594,96.71800231933594,84274000,AMZN,98.18789,88.04750061035156,-8.670501708984375,0.0
2018-10-03,99.08499908447266,99.48500061035156,97.4905014038086,97.63800048828125,97.63800048828125,105062000,AMZN,100.542244,83.20999908447266,-14.428001403808594,0.0
2018-10-05,95.89949798583984,96.4540023803711,93.1415023803711,94.48249816894531,94.48249816894531,136446000,AMZN,96.22786,82.1405029296875,-12.341995239257812,0.0
2018-10-18,91.07450103759766,91.50749969482422,88.39350128173828,88.53600311279297,88.53600311279297,117480000,AMZN,91.16465,87.74549865722656,-0.7905044555664062,0.0
2018-10-19,89.25800323486328,90.45500183105469,87.6500015258789,88.20149993896484,88.20149993896484,118144000,AMZN,90.61312,85.62149810791016,-2.5800018310546875,0.0
2018-10-23,87.11199951171875,88.81700134277344,85.69999694824219,88.43499755859375,88.43499755859375,134478000,AMZN,88.14767,81.55850219726562,0.0,6.876495361328125
2018-11-08,87.75,89.19999694824219,86.25550079345703,87.74549865722656,87.74549865722656,130698000,AMZN,87.59336,84.50849914550781,0.0,3.23699951171875
2018-12-07,85.25350189208984,85.94650268554688,81.27300262451172,81.45649719238281,81.45649719238281,151522000,AMZN,83.01071,75.09850311279297,-6.357994079589844,0.0
2018-12-14,81.9000015258789,82.12850189208984,79.25,79.59549713134766,79.59549713134766,127344000,AMZN,81.7055,82.8290023803711,3.2335052490234375,0.0
2018-12-24,67.30000305175781,69.80149841308594,65.3499984741211,67.197998046875,67.197998046875,144400000,AMZN,69.20324,84.18900299072266,16.991004943847656,0.0
2019-01-03,76.00050354003906,76.9000015258789,74.85549926757812,75.01399993896484,75.01399993896484,139512000,AMZN,75.17517,83.52850341796875,8.514503479003906,0.0
2019-01-15,81.5999984741211,83.75800323486328,81.30049896240234,83.72799682617188,83.72799682617188,119970000,AMZN,83.47724,82.01300048828125,0.0,1.714996337890625
2019-01-17,84.0,85.00849914550781,83.875,84.66100311279297,84.66100311279297,84178000,AMZN,85.60747,79.41100311279297,-5.25,0.0
2019-01-22,84.05000305175781,84.09349822998047,80.51000213623047,81.6084976196289,81.6084976196289,128336000,AMZN,83.12454,81.90049743652344,0.29199981689453125,0.0
2019-01-23,82.80000305175781,82.87149810791016,80.5999984741211,82.0009994506836,82.0009994506836,104504000,AMZN,82.974075,82.0,-0.00099945068359375,0.0
2019-01-28,82.17949676513672,82.25,80.70449829101562,81.89450073242188,81.89450073242188,96754000,AMZN,83.398476,81.37899780273438,-0.5155029296875,0.0
2019-01-30,81.1500015258789,83.84750366210938,80.98400115966797,83.52149963378906,83.52149963378906,115676000,AMZN,85.30975,80.97200012207031,-2.54949951171875,0.0
2019-02-07,81.25,81.2770004272461,79.64550018310547,80.71849822998047,80.71849822998047,92532000,AMZN,82.31757,83.58650207519531,2.8680038452148438,0.0
2019-02-15,81.39299774169922,81.44550323486328,80.2249984741211,80.39749908447266,80.39749908447266,86878000,AMZN,83.19287,83.53099822998047,3.1334991455078125,0.0
2019-02-27,81.40899658203125,82.09049987792969,80.75499725341797,82.05449676513672,82.05449676513672,62976000,AMZN,84.21798,89.8635025024414,7.8090057373046875,0.0
2019-03-08,80.20050048828125,81.13600158691406,79.32849884033203,81.04000091552734,81.04000091552734,93340000,AMZN,81.72879,89.0374984741211,7.99749755859375,0.0
2019-03-13,84.1500015258789,85.0,83.96749877929688,84.54049682617188,84.54049682617188,71040000,AMZN,87.01617,91.03500366210938,6.4945068359375,0.0
2019-03-21,89.81300354003906,91.1875,89.36399841308594,90.96299743652344,90.96299743652344,115356000,AMZN,91.25759,92.20349884033203,1.2405014038085938,0.0
2019-03-28,88.5,88.89649963378906,87.67350006103516,88.6709976196289,88.6709976196289,60860000,AMZN,90.41344,93.08450317382812,4.413505554199219,0.0
2019-04-02,90.5510025024414,91.0,90.25599670410156,90.6989974975586,90.6989974975586,68962000,AMZN,93.2686,95.0875015258789,4.3885040283203125,0.0
2019-04-09,92.27449798583984,92.65450286865234,91.58899688720703,91.79199981689453,91.79199981689453,74288000,AMZN,94.30147,95.57599639892578,3.78399658203125,0.0
2019-04-12,92.41999816894531,92.57499694824219,92.06500244140625,92.15299987792969,92.15299987792969,62288000,AMZN,95.077225,97.52749633789062,5.3744964599609375,0.0
2019-04-16,92.56749725341797,93.4885025024414,92.4000015258789,93.1520004272461,93.1520004272461,60892000,AMZN,95.97624,95.88849639892578,2.7364959716796875,0.0
2019-04-17,93.64949798583984,93.82350158691406,93.02200317382812,93.24099731445312,93.24099731445312,57870000,AMZN,96.21438,94.99349975585938,1.75250244140625,0.0
2019-04-25,95.8499984741211,96.12249755859375,95.0155029296875,95.11250305175781,95.11250305175781,121982000,AMZN,97.70836,95.37850189208984,0.26599884033203125,0.0
2019-04-29,97.44999694824219,97.81700134277344,96.70449829101562,96.92150115966797,96.92150115966797,80426000,AMZN,98.99718,92.94850158691406,-3.9729995727539062,0.0
2019-05-02,95.66649627685547,96.07749938964844,94.09349822998047,95.04100036621094,95.04100036621094,79258000,AMZN,97.26579,90.77400207519531,-4.266998291015625,0.0
2019-05-14,91.9749984741211,92.62200164794922,90.7874984741211,92.00599670410156,92.00599670410156,92582000,AMZN,93.80563,86.92500305175781,-5.08099365234375,0.0
2019-05-15,91.39749908447266,93.72149658203125,91.1500015258789,93.55750274658203,93.55750274658203,93852000,AMZN,94.6883,87.71800231933594,-5.839500427246094,0.0
2019-05-21,93.739501953125,93.94999694824219,92.30000305175781,92.8759994506836,92.8759994506836,80102000,AMZN,95.73254,92.76599884033203,-0.1100006103515625,0.0
2019-05-23,91.82949829101562,92.19999694824219,90.20999908447266,90.77400207519531,90.77400207519531,88486000,AMZN,92.97363,93.4834976196289,2.7094955444335938,0.0
2019-06-10,91.0999984741211,94.24349975585938,90.9000015258789,93.03150177001953,93.03150177001953,107420000,AMZN,95.30948,96.1094970703125,3.0779953002929688,0.0
2019-06-12,92.6989974975586,93.25,92.21900177001953,92.76599884033203,92.76599884033203,53566000,AMZN,94.95218,96.94999694824219,4.183998107910156,0.0
2019-06-17,93.82499694824219,94.78450012207031,93.77249908447266,94.30149841308594,94.30149841308594,52686000,AMZN,96.04094,99.41500091552734,5.113502502441406,0.0
2019-06-19,95.39199829101562,95.97899627685547,94.62349700927734,95.43949890136719,95.43949890136719,57906000,AMZN,97.666725,100.05349731445312,4.6139984130859375,0.0
2019-06-20,96.66649627685547,96.76000213623047,95.29000091552734,95.90950012207031,95.90950012207031,64344000,AMZN,98.63107,100.55000305175781,4.6405029296875,0.0
2019-06-25,95.59200286865234,95.81950378417969,93.62100219726562,93.91349792480469,93.91349792480469,60246000,AMZN,96.80537,99.60150146484375,5.6880035400390625,0.0
2019-06-26,94.6240005493164,95.19000244140625,94.36599731445312,94.8915023803711,94.8915023803711,48838000,AMZN,97.3171,98.8949966430664,4.0034942626953125,0.0
2019-07-15,101.06999969482422,101.1449966430664,100.07749938964844,101.04949951171875,101.04949951171875,59626000,AMZN,103.50749,88.25650024414062,-12.792999267578125,0.0
2019-07-18,99.00050354003906,99.375,97.57749938964844,98.8949966430664,98.8949966430664,69738000,AMZN,101.44982,91.64450073242188,-7.250495910644531,0.0
2019-07-25,100.05000305175781,100.05999755859375,98.63600158691406,98.69100189208984,98.69100189208984,82730000,AMZN,102.25721,88.80599975585938,-9.885002136230469,0.0
2019-07-26,97.0999984741211,97.54499816894531,96.22550201416016,97.15249633789062,97.15249633789062,98542000,AMZN,99.85678,89.62850189208984,-7.523994445800781,0.0
2019-07-31,94.90550231933594,94.97750091552734,92.47200012207031,93.33899688720703,93.33899688720703,89414000,AMZN,95.56464,91.177001953125,-2.1619949340820312,0.0
2019-08-01,93.58599853515625,94.89600372314453,92.20050048828125,92.76599884033203,92.76599884033203,94266000,AMZN,95.517075,90.23300170898438,-2.5329971313476562,0.0
2019-08-20,90.7249984741211,90.84100341796875,89.99400329589844,90.06900024414062,90.06900024414062,38590000,AMZN,93.1315,91.14949798583984,1.0804977416992188,0.0
2019-08-26,88.34549713134766,88.5,87.17549896240234,88.44349670410156,88.44349670410156,61600000,AMZN,90.53406,91.12750244140625,2.6840057373046875,0.0
2019-08-27,88.7864990234375,88.97000122070312,87.33399963378906,88.09149932861328,88.09149932861328,60394000,AMZN,90.05542,90.87300109863281,2.7815017700195312,0.0
2019-08-30,89.87449645996094,89.98699951171875,88.22850036621094,88.81449890136719,88.81449890136719,61174000,AMZN,91.74892,89.26499938964844,0.45050048828125,0.0
2019-09-09,92.05000305175781,92.5,91.23049926757812,91.56749725341797,91.56749725341797,59990000,AMZN,93.85744,86.79550170898438,-4.771995544433594,0.0
2019-09-24,89.53050231933594,89.7854995727539,86.77749633789062,87.08049774169922,87.08049774169922,92320000,AMZN,89.891205,88.36900329589844,1.2885055541992188,0.0
2019-10-04,86.3010025024414,87.02899932861328,85.96150207519531,86.98249816894531,86.98249816894531,49438000,AMZN,89.41472,88.06649780273438,1.0839996337890625,0.0
2019-10-08,86.12449645996094,86.3499984741211,85.25,85.27549743652344,85.27549743652344,50840000,AMZN,88.18424,88.135498046875,2.8600006103515625,0.0
2019-10-09,85.98049926757812,86.49749755859375,85.71800231933594,86.09950256347656,86.09950256347656,40870000,AMZN,89.10396,88.99949645996094,2.899993896484375,0.0
2019-10-17,89.82450103759766,89.94249725341797,89.10099792480469,89.3740005493164,89.3740005493164,52948000,AMZN,91.9669,89.41000366210938,0.03600311279296875,0.0
2019-10-22,89.40750122070312,89.48899841308594,88.0999984741211,88.2864990234375,88.2864990234375,42234000,AMZN,90.82877,88.9000015258789,0.6135025024414062,0.0
2019-10-28,87.40299987792969,88.93499755859375,87.125,88.85399627685547,88.85399627685547,74178000,AMZN,90.399185,87.62650299072266,-1.2274932861328125,0.0
2019-10-31,88.79949951171875,89.5999984741211,88.5739974975586,88.83300018310547,88.83300018310547,55624000,AMZN,91.519646,86.7354965209961,-2.097503662109375,0.0
2019-11-01,89.40049743652344,89.87249755859375,89.260498046875,89.5719985961914,89.5719985961914,55808000,AMZN,92.06081,87.28600311279297,-2.2859954833984375,0.0
2019-11-27,90.05000305175781,91.2249984741211,89.8655014038086,90.92549896240234,90.92549896240234,60512000,AMZN,93.237015,89.61399841308594,-1.3115005493164062,0.0
2019-12-02,90.22000122070312,90.27749633789062,88.13400268554688,89.08000183105469,89.08000183105469,78512000,AMZN,91.52311,89.6500015258789,0.5699996948242188,0.0
2019-12-04,88.70050048828125,89.45449829101562,88.01100158691406,88.03450012207031,88.03450012207031,53402000,AMZN,90.64701,93.4384994506836,5.403999328613281,0.0
2019-12-10,87.37000274658203,87.53350067138672,86.75,86.96050262451172,86.96050262451172,50286000,AMZN,89.85545,94.90049743652344,7.939994812011719,0.0
2019-12-11,87.08350372314453,87.5,86.7854995727539,87.43599700927734,87.43599700927734,41952000,AMZN,90.37425,93.74849700927734,6.3125,0.0
2019-12-16,88.3499984741211,88.4749984741211,87.85250091552734,88.46050262451172,88.46050262451172,62904000,AMZN,90.78679,94.59850311279297,6.13800048828125,0.0
2019-12-19,89.0250015258789,89.64949798583984,88.7030029296875,89.61399841308594,89.61399841308594,53056000,AMZN,91.577644,94.56500244140625,4.9510040283203125,0.0
2019-12-23,89.41300201416016,89.6500015258789,89.22550201416016,89.6500015258789,89.6500015258789,42728000,AMZN,91.90011,93.10099792480469,3.4509963989257812,0.0
2020-01-03,93.2249984741211,94.30999755859375,93.2249984741211,93.74849700927734,93.74849700927734,75288000,AMZN,95.28557,91.41699981689453,-2.3314971923828125,0.0
2020-01-13,94.56549835205078,94.9000015258789,94.04000091552734,94.56500244140625,94.56500244140625,55616000,AMZN,97.04486,102.4834976196289,7.918495178222656,0.0
2020-01-14,94.29399871826172,94.35549926757812,92.92749786376953,93.47200012207031,93.47200012207031,68818000,AMZN,96.16796,101.99349975585938,8.521499633789062,0.0
2020-02-12,108.16000366210938,109.01249694824219,107.7645034790039,108.0,108.0,66686000,AMZN,110.6819,96.20149993896484,-11.798500061035156,0.0
2020-02-18,106.2509994506836,108.30349731445312,106.20549774169922,107.78350067138672,107.78350067138672,58912000,AMZN,110.446976,94.59100341796875,-13.192497253417969,0.0
2020-02-19,108.38999938964844,109.25499725341797,108.05599975585938,108.51100158691406,108.51100158691406,51224000,AMZN,111.664276,91.04299926757812,-17.468002319335938,0.0
2020-03-06,93.75,95.54350280761719,93.4749984741211,95.05449676513672,95.05449676513672,105472000,AMZN,96.48281,95.00499725341797,-0.04949951171875,0.0
2020-03-10,93.54399871826172,94.7135009765625,90.90850067138672,94.59100341796875,94.59100341796875,142666000,AMZN,94.7042,97.48600006103516,2.8949966430664062,0.0
2020-03-17,88.77349853515625,92.88899993896484,84.46199798583984,90.39199829101562,90.39199829101562,218342000,AMZN,90.85113,100.58000183105469,10.188003540039062,0.0
2020-03-19,93.0,97.25,91.63249969482422,94.04650115966797,94.04650115966797,207998000,AMZN,94.85496,102.13800048828125,8.091499328613281,0.0
2020-03-30,96.1415023803711,98.68150329589844,95.61699676513672,98.19750213623047,98.19750213623047,122522000,AMZN,98.14712,116.40599822998047,0.0,-18.20849609375
2020-03-31,98.21749877929688,99.6510009765625,97.20050048828125,97.48600006103516,97.48600006103516,102472000,AMZN,99.47336,118.17449951171875,20.688499450683594,0.0
2020-04-01,96.64849853515625,97.24800109863281,94.6500015258789,95.38500213623047,95.38500213623047,82438000,AMZN,97.17371,119.97250366210938,24.587501525878906,0.0
2020-04-03,95.55750274658203,96.31649780273438,94.4574966430664,95.32949829101562,95.32949829101562,72198000,AMZN,97.2099,118.80000305175781,23.470504760742188,0.0
2020-04-06,96.80000305175781,99.9260025024414,96.5009994506836,99.87950134277344,99.87950134277344,115464000,AMZN,100.056496,115.7040023803711,15.824501037597656,0.0
2020-04-09,102.21499633789062,102.6500015258789,100.88300323486328,102.13800048828125,102.13800048828125,92930000,AMZN,104.485306,114.302001953125,12.16400146484375,0.0
2020-04-29,116.50050354003906,119.59449768066406,115.5,118.635498046875,118.635498046875,91832000,AMZN,120.91432,124.89700317382814,6.261505126953139,0.0
2020-05-06,116.47200012207031,117.87249755859375,116.0,117.56300354003906,117.56300354003906,62356000,AMZN,118.357574,120.05500030517578,2.4919967651367188,0.0
2020-05-12,120.59249877929688,120.94999694824219,117.75,117.84750366210938,117.84750366210938,61498000,AMZN,123.73886,123.91999816894533,6.072494506835952,0.0
2020-05-13,118.33999633789062,120.38500213623047,116.88999938964844,118.39600372314453,118.39600372314453,95658000,AMZN,122.97988,123.02999877929688,4.633995056152344,0.0
2020-05-21,125.0,126.27249908447266,122.12699890136719,122.33699798583984,122.33699798583984,102288000,AMZN,127.075615,127.2509994506836,4.91400146484375,0.0
2020-05-22,122.75050354003906,123.49250030517578,121.50650024414062,121.84400177001953,121.84400177001953,57342000,AMZN,126.723114,128.63400268554688,6.790000915527344,0.0
2020-06-03,123.40049743652344,124.4000015258789,123.05850219726562,123.91999816894531,123.91999816894531,53420000,AMZN,127.783966,136.72000122070312,12.800003051757812,0.0
2020-06-04,123.87149810791016,125.37699890136719,122.50050354003906,123.02999877929688,123.02999877929688,58974000,AMZN,128.14865,137.72900390625,14.699005126953125,0.0
2020-06-08,125.01000213623047,126.5,124.36699676513672,126.2030029296875,126.2030029296875,79414000,AMZN,129.2541,134.0189971923828,7.8159942626953125,0.0
2020-06-10,132.25,136.11749267578125,131.31300354003906,132.37249755859375,132.37249755859375,98920000,AMZN,134.73001,143.93499755859375,11.5625,0.0
2020-06-18,132.35049438476562,132.98199462890625,131.8054962158203,132.69900512695312,132.69900512695312,49756000,AMZN,134.43758,160.0,27.300994873046875,0.0
2020-06-19,133.9040069580078,134.8715057373047,132.9499969482422,133.75050354003906,133.75050354003906,115540000,AMZN,136.10632,155.1999969482422,21.449493408203125,0.0
2020-06-29,134.50050354003906,134.83999633789062,131.50399780273438,134.0189971923828,134.0189971923828,84468000,AMZN,136.60507,156.9145050048828,22.8955078125,0.0
2020-07-07,152.92750549316406,153.4774932861328,149.5,150.00599670410156,150.00599670410156,105150000,AMZN,150.73912,150.01649475097656,0.010498046875,0.0
2020-07-14,154.4499969482422,156.36900329589844,147.5,154.1999969482422,154.1999969482422,144638000,AMZN,152.89792,156.94149780273438,0.0,-2.7415008544921875
2020-07-17,150.4499969482422,151.1999969482422,147.42250061035156,148.09849548339844,148.09849548339844,95226000,AMZN,145.89276,158.3730010986328,0.0,-10.274505615234375
2020-07-20,150.00999450683594,160.0679931640625,149.7010040283203,159.8419952392578,159.8419952392578,151964000,AMZN,150.01588,157.4080047607422,0.0,2.433990478515625
2020-07-24,146.5,151.57899475097656,144.39999389648438,150.44549560546875,150.44549560546875,112648000,AMZN,150.5331,157.4010009765625,6.95550537109375,0.0
2020-08-05,157.18850708007812,160.67950439453125,156.36500549316406,160.25149536132812,160.25149536132812,78330000,AMZN,158.83197,172.09249877929688,0.0,-11.84100341796875
2020-09-01,174.47900390625,175.69349670410156,173.35000610351562,174.95599365234375,174.95599365234375,68644000,AMZN,170.0618,149.9929962158203,0.0,24.962997436523438
2020-09-21,145.3249969482422,148.10000610351562,143.5500030517578,148.02349853515625,148.02349853515625,122358000,AMZN,150.17203,172.14649963378906,24.123001098632812,0.0
2020-09-23,156.02149963378906,156.35000610351562,149.61900329589844,149.9929962158203,149.9929962158203,113054000,AMZN,153.39522,168.1855010986328,18.1925048828125,0.0
2020-09-25,152.7429962158203,155.07699584960938,149.9499969482422,154.75650024414062,154.75650024414062,92304000,AMZN,155.7979,163.635498046875,8.878997802734375,0.0
2020-09-29,158.76950073242188,159.41299438476562,156.6269989013672,157.24400329589844,157.24400329589844,69916000,AMZN,159.80388,160.85049438476562,3.6064910888671875,0.0
2020-10-06,158.25,159.10000610351562,154.5,154.9980010986328,154.9980010986328,101738000,AMZN,157.57855,164.31649780273438,9.318496704101562,0.0
2020-10-08,161.24949645996094,161.6645050048828,158.74949645996094,159.52749633789062,159.52749633789062,63482000,AMZN,159.25525,160.55050659179688,0.0,-1.02301025390625
2020-10-13,173.39950561523438,174.61900329589844,171.21099853515625,172.18150329589844,172.18150329589844,114894000,AMZN,167.29697,152.42050170898438,0.0,19.761001586914062
2020-11-09,161.55149841308594,164.4499969482422,155.60549926757812,157.18699645996094,157.18699645996094,143808000,AMZN,161.08186,161.00399780273438,3.8170013427734375,0.0
2020-11-19,155.2655029296875,156.25,154.04600524902344,155.8509979248047,155.8509979248047,60206000,AMZN,158.01228,155.8209991455078,-0.029998779296875,0.0
2020-11-24,155.02499389648438,156.71249389648438,154.31300354003906,155.9029998779297,155.9029998779297,72042000,AMZN,158.19096,162.04800415039062,6.1450042724609375,0.0
2020-12-01,159.4250030517578,162.44749450683594,157.85899353027344,161.00399780273438,161.00399780273438,90740000,AMZN,161.64087,160.3260040283203,-0.6779937744140625,0.0
2020-12-07,157.82400512695312,159.03799438476562,157.08450317382812,157.89999389648438,157.89999389648438,55026000,AMZN,159.47571,166.10000610351562,8.20001220703125,0.0
2020-12-15,159.05050659179688,159.4250030517578,156.52450561523438,158.25599670410156,158.25599670410156,66390000,AMZN,158.78934,158.10800170898438,-0.1479949951171875,0.0
2020-12-31,163.75,164.14599609375,162.05999755859375,162.84649658203125,162.84649658203125,59144000,AMZN,163.78938,164.6999969482422,1.8535003662109375,0.0
2021-01-06,157.32400512695312,159.87550354003906,156.55799865722656,156.91900634765625,156.91900634765625,87896000,AMZN,158.87451,161.88099670410156,4.9619903564453125,0.0
2021-01-07,157.85000610351562,160.427001953125,157.75,158.10800170898438,158.10800170898438,70290000,AMZN,158.69641,160.30999755859375,2.201995849609375,0.0
2021-01-11,157.40049743652344,157.81900024414062,155.5,155.7104949951172,155.7104949951172,73668000,AMZN,157.06693,169.0,13.289505004882812,0.0
2021-01-20,159.09950256347656,163.99000549316406,158.75,163.16900634765625,163.16900634765625,106196000,AMZN,161.06468,164.32899475097656,0.0,-1.1599884033203125
2021-01-29,161.5,161.84950256347656,159.2274932861328,160.30999755859375,160.30999755859375,85872000,AMZN,161.30022,159.03700256347656,-1.2729949951171875,0.0
2021-02-03,171.25050354003906,171.6999969482422,165.43099975585938,165.62649536132812,165.62649536132812,141776000,AMZN,163.89392,152.85800170898438,0.0,12.76849365234375
2021-02-04,166.5,167.35000610351562,163.8874969482422,166.5500030517578,166.5500030517578,73414000,AMZN,164.40569,154.64649963378906,0.0,11.90350341796875
2021-02-09,165.62449645996094,166.89999389648438,164.89199829101562,165.25,165.25,44070000,AMZN,164.71838,150.25,0.0,15.0
2021-02-22,160.406494140625,161.61599731445312,158.61300659179688,159.03700256347656,159.03700256347656,70314000,AMZN,163.024,154.08399963378906,-4.9530029296875,0.0
2021-02-26,154.75999450683594,156.1219940185547,151.8350067138672,154.64649963378906,154.64649963378906,85518000,AMZN,156.59627,153.7480010986328,-0.89849853515625,0.0
2021-03-03,154.0590057373047,155.38900756835938,149.75,150.25,150.25,79774000,AMZN,156.24753,154.35350036621094,4.1035003662109375,0.0
2021-03-05,150.25,150.4499969482422,144.0500030517578,150.0229949951172,150.0229949951172,107772000,AMZN,152.97682,152.60150146484375,2.5785064697265625,0.0
2021-03-15,153.72850036621094,154.11199951171875,151.60450744628906,154.08399963378906,154.08399963378906,58272000,AMZN,157.971,161.1909942626953,7.10699462890625,0.0
2021-03-18,155.0500030517578,155.8314971923828,151.25,151.39950561523438,151.39950561523438,72992000,AMZN,157.07437,168.61000061035156,17.210494995117188,0.0
2021-03-19,151.4615020751953,153.864501953125,150.8314971923828,153.7480010986328,153.7480010986328,92508000,AMZN,155.99083,168.96949768066406,15.22149658203125,0.0
2021-03-23,156.35000610351562,159.10000610351562,156.04249572753906,156.875,156.875,76346000,AMZN,157.0684,166.64999389648438,9.774993896484375,0.0
2021-04-06,161.1875,162.36549377441406,160.8520050048828,161.1909942626953,161.1909942626953,50756000,AMZN,162.17891,170.8715057373047,9.680511474609375,0.0
2021-04-08,165.5449981689453,166.22500610351562,164.60000610351562,164.96499633789062,164.96499633789062,56242000,AMZN,165.61185,173.5655059814453,8.600509643554688,0.0
2021-04-14,170.20199584960938,170.2064971923828,166.3000030517578,166.64999389648438,166.64999389648438,62904000,AMZN,167.0094,163.52699279785156,-3.1230010986328125,0.0
2021-04-21,165.8000030517578,168.14300537109375,165.1905059814453,168.1009979248047,168.1009979248047,44224000,AMZN,165.2518,157.5970001220703,0.0,10.503997802734375
2021-05-03,174.2364959716797,174.33250427246094,168.63499450683594,169.32449340820312,169.32449340820312,117510000,AMZN,168.22269,162.24949645996094,0.0,7.0749969482421875
2021-05-06,163.5,165.72000122070312,162.36000061035156,165.31849670410156,165.31849670410156,88954000,AMZN,161.85068,161.5054931640625,0.0,3.8130035400390625
2021-05-18,164.62899780273438,165.60000610351562,161.51849365234375,161.61399841308594,161.61399841308594,56568000,AMZN,165.06725,164.0574951171875,2.4434967041015625,0.0
2021-05-25,163.33349609375,163.99099731445312,160.68800354003906,162.95249938964844,162.95249938964844,65222000,AMZN,165.38127,170.7624969482422,7.80999755859375,0.0
2021-06-09,163.64349365234375,164.87899780273438,163.53500366210938,164.0574951171875,164.0574951171875,49110000,AMZN,165.65636,172.00799560546875,7.95050048828125,0.0
2021-06-11,167.4824981689453,168.32899475097656,166.67250061035156,167.3415069580078,167.3415069580078,56348000,AMZN,168.7203,175.5489959716797,8.207489013671875,0.0
2021-06-15,169.1999969482422,169.84950256347656,168.15550231933594,169.156494140625,169.156494140625,48524000,AMZN,170.36931,184.82899475097656,15.672500610351562,0.0
2021-07-06,176.5054931640625,184.2740020751953,176.4499969482422,183.78700256347656,183.78700256347656,134896000,AMZN,175.4617,181.3195037841797,0.0,2.467498779296875
2021-07-16,181.66549682617188,182.30299377441406,178.5229949951172,178.68150329589844,178.68150329589844,80874000,AMZN,179.78491,167.2469940185547,-11.43450927734375,0.0
2021-07-21,178.81900024414062,179.32249450683594,177.1820068359375,179.25999450683594,179.25999450683594,46380000,AMZN,176.301,164.60549926757812,0.0,14.654495239257812
2021-07-28,181.68899536132812,182.92100524902344,180.0500030517578,181.51600646972656,181.51600646972656,59988000,AMZN,180.69513,160.06100463867188,0.0,21.455001831054688
2021-07-29,181.3874969482422,181.8975067138672,179.00050354003906,179.99600219726562,179.99600219726562,110400000,AMZN,179.6375,159.3874969482422,0.0,20.608505249023438
2021-08-10,167.25050354003906,167.89999389648438,165.75,166.03399658203125,166.03399658203125,48252000,AMZN,171.31213,173.5395050048828,7.5055084228515625,0.0
2021-08-13,165.2834930419922,165.30349731445312,164.14999389648438,164.69850158691406,164.69850158691406,41134000,AMZN,171.67542,173.90249633789062,9.203994750976562,0.0
2021-08-26,164.9499969482422,166.60000610351562,164.8000030517578,165.8000030517578,165.8000030517578,41976000,AMZN,170.54976,173.12600708007812,7.3260040283203125,0.0
2021-08-27,166.6614990234375,167.61599731445312,165.6875,167.48150634765625,167.48150634765625,48048000,AMZN,171.69179,167.7864990234375,0.30499267578125,0.0
2021-08-31,171.24000549316406,173.62899780273438,169.7794952392578,173.5395050048828,173.5395050048828,87128000,AMZN,174.37698,169.00250244140625,-4.5370025634765625,0.0
2021-09-08,175.58250427246094,177.281494140625,174.7834930419922,176.27499389648438,176.27499389648438,61068000,AMZN,176.00865,165.05599975585938,0.0,11.218994140625
2021-09-09,176.30099487304688,177.49949645996094,174.01849365234375,174.20799255371094,174.20799255371094,54384000,AMZN,175.91472,164.2519989013672,-9.95599365234375,0.0
2021-09-14,173.77749633789062,174.3404998779297,171.885498046875,172.5,172.5,38738000,AMZN,174.24835,161.0500030517578,-11.449996948242188,0.0
2021-09-15,172.12600708007812,174.27099609375,170.10049438476562,173.7895050048828,173.7895050048828,59150000,AMZN,173.63885,163.10049438476562,0.0,10.689010620117188
2021-09-23,169.00250244140625,171.447998046875,169.00250244140625,170.8000030517578,170.8000030517578,47588000,AMZN,170.6467,164.9929962158203,0.0,5.8070068359375
2021-10-01,164.45050048828125,165.45849609375,162.7969970703125,164.16299438476562,164.16299438476562,56712000,AMZN,167.95946,166.77749633789062,2.614501953125,0.0
2021-10-20,172.63299560546875,173.14300537109375,170.01849365234375,170.7530059814453,170.7530059814453,42796000,AMZN,173.16501,174.1024932861328,3.3494873046875,0.0
2021-10-28,170.10499572753906,173.9499969482422,169.3000030517578,172.32850646972656,172.32850646972656,114174000,AMZN,170.23624,184.80299377441406,0.0,-12.4744873046875
2021-11-02,165.75050354003906,166.55599975585938,164.17750549316406,165.6374969482422,165.6374969482422,52552000,AMZN,166.00336,179.0019989013672,13.364501953125,0.0
2021-11-03,165.4499969482422,169.74600219726562,164.87600708007812,169.1999969482422,169.1999969482422,67944000,AMZN,166.68105,179.02049255371094,0.0,-9.82049560546875
2021-11-09,175.7624969482422,179.68850708007812,175.07150268554688,178.81149291992188,178.81149291992188,85898000,AMZN,175.51183,172.18600463867188,0.0,6.62548828125
2021-11-11,175.64999389648438,177.16200256347656,173.37350463867188,173.625,173.625,45288000,AMZN,175.58165,169.489501953125,-4.135498046875,0.0
2021-11-23,179.2519989013672,181.05250549316406,176.385498046875,179.0019989013672,179.0019989013672,73804000,AMZN,177.91258,173.31500244140625,0.0,5.6869964599609375
2021-11-24,178.1334991455078,180.6820068359375,176.84249877929688,179.02049255371094,179.02049255371094,46560000,AMZN,177.17645,168.87100219726562,0.0,10.149490356445312
2021-12-14,167.5500030517578,169.49899291992188,166.44000244140625,169.0915069580078,169.0915069580078,55976000,AMZN,173.34206,164.35699462890625,-4.7345123291015625,0.0
2021-12-23,170.42799377441406,171.97500610351562,170.14999389648438,171.06849670410156,171.06849670410156,36788000,AMZN,173.1756,162.13800048828125,-8.930496215820312,0.0
2021-12-28,170.1824951171875,172.17599487304688,169.135498046875,170.66099548339844,170.66099548339844,54638000,AMZN,174.20563,156.2989959716797,-14.36199951171875,0.0
2022-01-03,167.5500030517578,170.70350646972656,166.16050720214844,170.4044952392578,170.4044952392578,63520000,AMZN,172.80193,139.98599243164062,-30.418502807617188,0.0
2022-01-21,149.9499969482422,150.89999389648438,142.07049560546875,142.64300537109375,142.64300537109375,163972000,AMZN,155.13678,153.2935028076172,10.650497436523438,0.0
2022-01-24,139.0,144.94500732421875,135.3520050048828,144.54400634765625,144.54400634765625,155624000,AMZN,150.72237,155.16700744628906,10.623001098632812,0.0
2022-01-31,144.75,150.36050415039062,144.30050659179688,149.57350158691406,149.57350158691406,78308000,AMZN,153.7275,150.19749450683594,0.623992919921875,0.0
2022-02-16,155.79049682617188,158.83399963378906,154.7344970703125,158.10049438476562,158.10049438476562,52704000,AMZN,156.56314,146.8175048828125,0.0,11.282989501953125
2022-02-22,150.47850036621094,152.9824981689453,148.48550415039062,150.19749450683594,150.19749450683594,66128000,AMZN,152.80713,147.3665008544922,-2.83099365234375,0.0
2022-03-01,152.7324981689453,154.0989990234375,149.9770050048828,151.14199829101562,151.14199829101562,44874000,AMZN,153.7127,164.88900756835938,13.74700927734375,0.0
2022-03-15,142.85000610351562,147.98500061035156,142.0,147.3665008544922,147.3665008544922,75584000,AMZN,149.10556,164.05499267578125,16.688491821289062,0.0
2022-03-23,163.7050018310547,166.3699951171875,162.68699645996094,163.4080047607422,163.4080047607422,55812000,AMZN,163.47112,155.54100036621094,-7.86700439453125,0.0
2022-03-25,164.0,165.36849975585938,162.25,164.77349853515625,164.77349853515625,49032000,AMZN,163.25189,152.78500366210938,0.0,11.988494873046875
2022-04-04,164.125,168.39450073242188,163.20550537109375,168.34649658203125,168.34649658203125,49882000,AMZN,163.48532,139.39100646972656,0.0,28.955490112304688
2022-04-13,150.01849365234375,156.02499389648438,149.60000610351562,155.54100036621094,155.54100036621094,53390000,AMZN,153.85075,116.40699768066406,0.0,39.134002685546875
2022-04-14,155.38999938964844,155.89700317382812,151.4720001220703,151.7064971923828,151.7064971923828,51598000,AMZN,154.90282,114.77249908447266,-36.933998107910156,0.0
2022-04-18,151.52349853515625,154.0395050048828,150.25050354003906,152.78500366210938,152.78500366210938,46514000,AMZN,155.34196,108.78900146484375,-43.996002197265625,0.0
2022-05-24,104.0250015258789,105.4000015258789,101.26000213623047,104.0999984741211,104.0999984741211,102934000,AMZN,102.08508,107.66999816894531,0.0,-3.5699996948242188
2022-05-26,107.97000122070312,112.66549682617188,107.45349884033203,111.07749938964844,111.07749938964844,93002000,AMZN,108.012924,106.22000122070312,0.0,4.8574981689453125
2022-05-27,113.55000305175781,115.18699645996094,112.62799835205078,115.14649963378906,115.14649963378906,93660000,AMZN,112.34475,108.68000030517578,0.0,6.466499328613281
2022-05-31,116.27999877929688,121.99449920654297,115.67500305175781,120.20950317382812,120.20950317382812,144634000,AMZN,117.1058,108.94999694824219,0.0,11.259506225585938
2022-06-02,121.68399810791016,125.61000061035156,120.04499816894531,125.51100158691406,125.51100158691406,100560000,AMZN,121.847244,116.45999908447266,0.0,9.051002502441406
2022-06-08,122.61000061035156,123.75,120.75,121.18000030517578,121.18000030517578,64926600,AMZN,118.605644,106.20999908447266,0.0,14.970001220703125
2022-06-14,104.19000244140625,104.87999725341797,101.43000030517578,102.30999755859375,102.30999755859375,69728800,AMZN,99.87514,116.33000183105469,0.0,-14.020004272460938
2022-06-15,103.86000061035156,109.05999755859375,103.52999877929688,107.66999816894531,107.66999816894531,85011100,AMZN,103.15807,115.54000091552734,0.0,-7.870002746582031
2022-06-17,102.80000305175781,106.9800033569336,102.51000213623047,106.22000122070312,106.22000122070312,99772100,AMZN,104.491936,109.22000122070312,0.0,-3.0
2022-06-22,107.43000030517578,112.12999725341797,107.0199966430664,108.94999694824219,108.94999694824219,60040100,AMZN,109.18949,110.62999725341797,1.6800003051757812,0.0
2022-06-28,113.5,114.8499984741211,107.04000091552734,107.4000015258789,107.4000015258789,74942900,AMZN,112.27054,122.76999664306642,15.369995117187514,0.0
2022-07-08,114.5999984741211,116.58000183105469,113.69000244140625,115.54000091552734,115.54000091552734,45719700,AMZN,119.13606,134.9499969482422,19.409996032714844,0.0
2022-07-19,115.69999694824219,118.94999694824219,114.02999877929688,118.20999908447266,118.20999908447266,60990000,AMZN,119.91184,137.8300018310547,19.62000274658203,0.0
2022-07-26,115.79000091552734,118.1500015258789,114.52999877929688,114.80999755859375,114.80999755859375,67075100,AMZN,120.94525,144.77999877929688,29.970001220703125,0.0
2022-08-12,142.0500030517578,143.57000732421875,140.1199951171875,143.5500030517578,143.5500030517578,47643500,AMZN,144.40028,127.51000213623047,-16.040000915527344,0.0
2022-08-17,142.69000244140625,143.3800048828125,140.77999877929688,142.10000610351562,142.10000610351562,48149800,AMZN,146.09927,129.82000732421875,-12.279998779296875,0.0
2022-08-29,129.89999389648438,131.9499969482422,128.77000427246094,129.7899932861328,129.7899932861328,48101600,AMZN,134.72617,122.19000244140626,-7.599990844726548,0.0
2022-09-02,129.5,131.3800048828125,126.38999938964844,127.51000213623047,127.51000213623047,57429800,AMZN,131.30441,115.1500015258789,-12.360000610351562,0.0
2022-09-14,127.36000061035156,128.83999633789062,126.33000183105469,128.5500030517578,128.5500030517578,45316800,AMZN,133.31787,120.94999694824219,-7.600006103515625,0.0
2022-09-19,122.16000366210938,124.70999908447266,121.80000305175781,124.66000366210938,124.66000366210938,47279700,AMZN,126.11833,113.66999816894531,-10.990005493164062,0.0
2022-09-23,116.0,116.05000305175781,112.05999755859375,113.77999877929688,113.77999877929688,65126700,AMZN,116.05087,106.9000015258789,-6.879997253417969,0.0
2022-09-29,115.5999984741211,116.06999969482422,113.05999755859375,114.80000305175781,114.80000305175781,58969700,AMZN,116.524185,115.25,0.4499969482421875,0.0
2022-10-14,114.0999984741211,114.95999908447266,106.5999984741211,106.9000015258789,106.9000015258789,67737300,AMZN,109.88641,90.9800033569336,-15.919998168945312,0.0
2022-10-20,113.83000183105469,118.23999786376953,113.51000213623047,115.25,115.25,48795100,AMZN,117.886185,96.62999725341797,-18.62000274658203,0.0
2022-10-27,113.91999816894531,114.12000274658203,109.7699966430664,110.95999908447266,110.95999908447266,129605400,AMZN,113.76254,94.8499984741211,-16.110000610351562,0.0
2022-11-03,92.47000122070312,93.5,89.0199966430664,89.30000305175781,89.30000305175781,136683300,AMZN,89.67002,93.41000366210938,4.1100006103515625,0.0
2022-11-10,92.94000244140625,98.69000244140625,91.6500015258789,96.62999725341797,96.62999725341797,173414900,AMZN,96.32348,94.12999725341797,0.0,2.5
2022-11-14,98.7699966430664,100.12000274658203,97.29000091552734,98.48999786376953,98.48999786376953,99533100,AMZN,98.52692,88.25,-10.239997863769531,0.0
2022-11-17,95.37000274658203,96.97000122070312,94.02999877929688,94.8499984741211,94.8499984741211,82617900,AMZN,95.112015,89.08999633789062,-5.760002136230469,0.0
2022-11-18,95.94999694824219,95.98999786376953,92.4800033569336,94.13999938964844,94.13999938964844,72428200,AMZN,94.45206,90.55000305175781,-3.589996337890625,0.0
2022-11-30,92.47000122070312,96.54000091552734,91.52999877929688,96.54000091552734,96.54000091552734,102805800,AMZN,96.060074,86.7699966430664,0.0,9.770004272460938
2022-12-02,94.4800033569336,95.36000061035156,93.77999877929688,94.12999725341797,94.12999725341797,72496400,AMZN,94.978836,85.25,-8.879997253417969,0.0
2022-12-12,89.20999908447266,90.58000183105469,87.87000274658203,90.55000305175781,90.55000305175781,61999800,AMZN,92.03456,85.13999938964844,-5.410003662109375,0.0
2022-12-15,89.88999938964844,89.97000122070312,87.47000122070312,88.44999694824219,88.44999694824219,84802900,AMZN,90.187195,87.36000061035156,-1.089996337890625,0.0
2022-12-16,88.2699966430664,89.3499984741211,86.7300033569336,87.86000061035156,87.86000061035156,146144100,AMZN,89.08985,89.87000274658203,2.0100021362304688,0.0
2022-12-22,85.5199966430664,85.68000030517578,82.25,83.79000091552734,83.79000091552734,81431300,AMZN,85.7974,96.05000305175781,12.260002136230469,0.0
2022-12-27,84.97000122070312,85.3499984741211,83.0,83.04000091552734,83.04000091552734,57284000,AMZN,86.44289,93.68000030517578,10.639999389648438,0.0
2023-01-04,86.55000305175781,86.9800033569336,83.36000061035156,85.13999938964844,85.13999938964844,68885100,AMZN,87.37467,99.22000122070312,14.080001831054688,0.0
2023-01-10,87.56999969482422,90.19000244140625,87.29000091552734,89.87000274658203,89.87000274658203,67756600,AMZN,90.585556,105.1500015258789,15.279998779296875,0.0
2023-01-18,97.25,99.31999969482422,95.37999725341797,95.45999908447266,95.45999908447266,79570400,AMZN,97.621895,100.05000305175781,4.590003967285156,0.0
2023-01-20,93.86000061035156,97.3499984741211,93.19999694824219,97.25,97.25,67481500,AMZN,97.028305,97.61000061035156,0.0,-0.3600006103515625
2023-01-25,92.55999755859375,97.23999786376953,91.5199966430664,97.18000030517578,97.18000030517578,94261600,AMZN,97.12915,101.16000366210938,0.0,-3.9800033569335938
2023-01-27,99.52999877929688,103.48999786376953,99.52999877929688,102.23999786376953,102.23999786376953,87775600,AMZN,103.25322,97.19999694824219,-5.040000915527344,0.0
2023-02-27,94.27999877929688,94.77999877929688,93.13999938964844,93.76000213623047,93.76000213623047,47470300,AMZN,97.78797,97.70999908447266,3.9499969482421875,0.0
2023-03-07,94.05999755859375,95.08999633789062,92.77999877929688,93.55000305175781,93.55000305175781,49100700,AMZN,96.83897,97.23999786376953,3.6899948120117188,0.0
2023-03-08,93.5999984741211,94.16999816894531,92.18000030517578,93.91999816894531,93.91999816894531,44899100,AMZN,96.89055,100.25,6.3300018310546875,0.0
2023-03-09,93.68000030517578,96.20999908447266,92.18000030517578,92.25,92.25,56218700,AMZN,96.3962,102.0,9.75,0.0
2023-03-10,92.66999816894531,93.56999969482422,90.25,90.7300033569336,90.7300033569336,69827500,AMZN,94.14082,103.29000091552734,12.55999755859375,0.0
2023-03-21,98.13999938964844,100.8499984741211,98.0,100.61000061035156,100.61000061035156,58597300,AMZN,102.22601,97.83000183105469,-2.779998779296875,0.0
2023-04-11,100.80000305175781,101.0,99.01000213623047,99.91999816894531,99.91999816894531,60417800,AMZN,102.444626,103.62999725341797,3.7099990844726562,0.0
2023-04-17,103.16000366210938,103.7300033569336,101.58999633789062,102.73999786376953,102.73999786376953,39919500,AMZN,105.99498,105.83000183105469,3.0900039672851562,0.0
2023-04-21,106.0999984741211,108.1500015258789,105.08000183105469,106.95999908447266,106.95999908447266,86774200,AMZN,109.37675,110.26000213623047,3.3000030517578125,0.0
2023-05-01,104.94999694824219,105.2300033569336,101.81999969482422,102.05000305175781,102.05000305175781,74728100,AMZN,105.68949,115.01000213623047,12.959999084472656,0.0
2023-05-09,105.4800033569336,106.79000091552734,105.16000366210938,106.62000274658203,106.62000274658203,44089400,AMZN,109.60697,120.58000183105469,13.959999084472656,0.0
2023-05-11,111.02999877929688,113.27999877929688,110.48999786376953,112.18000030517578,112.18000030517578,74924800,AMZN,114.985344,124.24999999999999,12.069999694824205,0.0
2023-05-15,111.1500015258789,112.29000091552734,109.25,111.19999694824219,111.19999694824219,53011100,AMZN,114.89362,126.61000061035158,15.41000366210939,0.0
2023-05-23,114.2699966430664,117.13999938964844,113.77999877929688,114.98999786376953,114.98999786376953,67576300,AMZN,119.294075,126.41999816894531,11.430000305175781,0.0
2023-06-01,120.69000244140625,123.48999786376953,119.93000030517578,122.7699966430664,122.7699966430664,54375100,AMZN,126.2178,129.3300018310547,6.560005187988281,0.0
2023-06-05,123.36000061035156,125.80000305175781,123.02999877929688,125.30000305175781,125.30000305175781,47950100,AMZN,128.46841,129.17999267578125,3.8799896240234375,0.0
2023-06-23,129.11000061035156,130.83999633789062,128.27999877929688,129.3300018310547,129.3300018310547,71927800,AMZN,131.88724,133.55999755859375,4.2299957275390625,0.0
2023-06-30,129.47000122070312,131.25,128.9499969482422,130.36000061035156,130.36000061035156,54350700,AMZN,133.67027,128.8000030517578,-1.55999755859375,0.0
2023-07-03,130.82000732421875,131.85000610351562,130.07000732421875,130.22000122070312,130.22000122070312,28264800,AMZN,134.2842,129.1300048828125,-1.089996337890625,0.0
2023-07-05,130.24000549316406,131.39999389648438,129.63999938964844,130.3800048828125,130.3800048828125,35895400,AMZN,134.21146,128.14999389648438,-2.230010986328125,0.0
2023-07-11,127.75,129.77000427246094,127.3499984741211,128.77999877929688,128.77999877929688,49951500,AMZN,132.15508,131.69000244140625,2.910003662109375,0.0
2023-07-14,134.05999755859375,136.64999389648438,134.05999755859375,134.67999267578125,134.67999267578125,54487100,AMZN,137.97258,139.57000732421875,4.8900146484375,0.0
2023-07-27,131.0,132.6300048828125,127.79000091552734,128.25,128.25,52610700,AMZN,131.37082,133.97999572753906,5.7299957275390625,0.0
2023-08-01,133.5500030517578,133.69000244140625,131.6199951171875,131.69000244140625,131.69000244140625,42098500,AMZN,136.07103,134.25,2.55999755859375,0.0
2023-08-03,127.4800033569336,129.83999633789062,126.41000366210938,128.91000366210938,128.91000366210938,88585200,AMZN,132.67636,131.83999633789062,2.92999267578125,0.0
2023-08-04,141.05999755859375,143.6300048828125,139.32000732421875,139.57000732421875,139.57000732421875,153128500,AMZN,140.02582,133.25999450683594,-6.3100128173828125,0.0
2023-08-23,134.5,135.9499969482422,133.22000122070312,135.52000427246094,135.52000427246094,42801000,AMZN,137.05719,144.72000122070312,9.199996948242188,0.0
2023-08-25,132.47000122070312,133.8699951171875,130.5800018310547,133.25999450683594,133.25999450683594,44147500,AMZN,136.27432,139.97999572753906,6.720001220703125,0.0
2023-09-07,133.89999389648438,138.02999877929688,133.16000366210938,137.85000610351562,137.85000610351562,48498900,AMZN,139.30359,125.9800033569336,-11.870002746582031,0.0
2023-09-08,136.86000061035156,138.85000610351562,136.75,138.22999572753906,138.22999572753906,38348200,AMZN,140.0086,127.12000274658203,-11.109992980957031,0.0
2023-09-18,140.47999572753906,141.75,139.22000122070312,139.97999572753906,139.97999572753906,42823500,AMZN,143.54895,128.25999450683594,-11.720001220703125,0.0
2023-09-21,131.94000244140625,132.24000549316406,129.30999755859375,129.3300018310547,129.3300018310547,70343300,AMZN,132.85039,132.3300018310547,3.0,0.0
2023-09-29,128.1999969482422,129.14999389648438,126.31999969482422,127.12000274658203,127.12000274658203,62411700,AMZN,128.81,125.16999816894531,-1.9500045776367188,0.0
2023-10-02,127.27999877929688,130.47000122070312,126.54000091552734,129.4600067138672,129.4600067138672,48029700,AMZN,130.55176,126.55999755859376,-2.9000091552734233,0.0
2023-10-03,128.05999755859375,128.52000427246094,124.25,124.72000122070312,124.72000122070312,51565000,AMZN,128.70001,128.55999755859375,3.839996337890625,0.0
2023-10-05,126.70999908447266,126.7300033569336,124.33000183105469,125.95999908447266,125.95999908447266,39660600,AMZN,128.98889,119.56999969482422,-6.3899993896484375,0.0
2023-10-11,129.74000549316406,132.0500030517578,129.61000061035156,131.8300018310547,131.8300018310547,40741800,AMZN,133.33868,137.0,5.1699981689453125,0.0
2023-10-12,132.1699981689453,134.47999572753906,131.22999572753906,132.3300018310547,132.3300018310547,55528600,AMZN,134.91376,138.07000732421875,5.7400054931640625,0.0
2023-10-13,132.97999572753906,133.30999755859375,128.9499969482422,129.7899932861328,129.7899932861328,45786600,AMZN,134.38095,138.60000610351562,8.810012817382812,0.0
2023-10-18,129.89999389648438,130.6699981689453,127.51000213623047,128.1300048828125,128.1300048828125,42699500,AMZN,131.8085,142.0800018310547,13.949996948242188,0.0
2023-10-30,129.72000122070312,133.0,128.55999755859375,132.7100067138672,132.7100067138672,72485500,AMZN,130.12364,146.1300048828125,0.0,-13.419998168945312
2023-10-31,132.75,133.57000732421875,131.7100067138672,133.08999633789062,133.08999633789062,51589400,AMZN,133.2383,143.89999389648438,10.80999755859375,0.0
2023-11-03,138.99000549316406,139.49000549316406,137.4499969482422,138.60000610351562,138.60000610351562,44059800,AMZN,141.61237,147.72999572753906,9.129989624023438,0.0
2023-12-01,146.0,147.25,145.5500030517578,147.02999877929688,147.02999877929688,39951800,AMZN,148.59645,153.4199981689453,6.3899993896484375,0.0
2023-12-05,143.5500030517578,148.57000732421875,143.1300048828125,146.8800048828125,146.8800048828125,46822400,AMZN,147.66374,153.33999633789062,6.459991455078125,0.0
2023-12-12,145.52000427246094,147.5,145.3000030517578,147.47999572753906,147.47999572753906,44944300,AMZN,149.2734,144.57000732421875,-2.9099884033203125,0.0
2023-12-26,153.55999755859375,153.97999572753906,153.02999877929688,153.41000366210938,153.41000366210938,25067200,AMZN,155.39009,153.5,0.089996337890625,0.0
2024-01-08,146.74000549316406,149.39999389648438,146.14999389648438,149.10000610351562,149.10000610351562,46757100,AMZN,149.23254,159.0,9.899993896484375,0.0
2024-01-26,158.4199981689453,160.72000122070312,157.91000366210938,159.1199951171875,159.1199951171875,51047400,AMZN,159.34459,169.50999450683594,10.389999389648438,0.0
2024-01-30,160.6999969482422,161.72999572753906,158.49000549316406,159.0,159.0,45207400,AMZN,160.42772,168.58999633789062,9.589996337890625,0.0
2024-01-31,157.0,159.00999450683594,154.80999755859375,155.1999969482422,155.1999969482422,50284400,AMZN,158.88625,174.5800018310547,19.3800048828125,0.0
2024-02-13,167.72999572753906,170.9499969482422,165.75,168.63999938964844,168.63999938964844,56345100,AMZN,168.31029,173.50999450683594,0.0,-4.8699951171875
2024-02-15,170.5800018310547,171.1699981689453,167.58999633789062,169.8000030517578,169.8000030517578,49855200,AMZN,167.43555,175.35000610351562,0.0,-5.5500030517578125
2024-02-28,172.44000244140625,174.0500030517578,172.27000427246094,173.16000366210938,173.16000366210938,28180500,AMZN,173.47156,178.14999389648438,4.989990234375,0.0
2024-03-05,176.92999267578125,176.92999267578125,173.3000030517578,174.1199951171875,174.1199951171875,37228300,AMZN,176.14334,178.3000030517578,4.1800079345703125,0.0
2024-03-06,175.5399932861328,176.4600067138672,173.25999450683594,173.50999450683594,173.50999450683594,32090900,AMZN,175.91559,179.8300018310547,6.32000732421875,0.0
2024-03-20,176.13999938964844,178.52999877929688,174.63999938964844,178.14999389648438,178.14999389648438,29947200,AMZN,177.08397,189.0500030517578,0.0,-10.900009155273438
2024-03-21,179.99000549316406,181.4199981689453,178.14999389648438,178.14999389648438,178.14999389648438,32824300,AMZN,178.73294,186.1300048828125,7.980010986328125,0.0
2024-03-28,180.1699981689453,181.6999969482422,179.25999450683594,180.3800048828125,180.3800048828125,38051600,AMZN,181.88332,174.6300048828125,-5.75,0.0
2024-04-09,187.24000549316406,187.33999633789062,184.1999969482422,185.6699981689453,185.6699981689453,36520100,AMZN,185.95285,175.0,-10.669998168945312,0.0
2024-04-12,187.72000122070312,188.3800048828125,185.0800018310547,186.1300048828125,186.1300048828125,38608800,AMZN,187.60149,186.2100067138672,0.0800018310546875,0.0
2024-05-01,181.63999938964844,185.14999389648438,176.55999755859375,179.0,179.0,94645100,AMZN,182.376,183.1300048828125,4.1300048828125,0.0
2024-05-07,188.9199981689453,189.94000244140625,187.30999755859375,188.75999450683594,188.75999450683594,34048900,AMZN,188.91484,182.02000427246094,-6.739990234375,0.0
2024-05-08,187.44000244140625,188.42999267578125,186.38999938964844,188.0,188.0,26136400,AMZN,190.52707,179.32000732421875,-8.67999267578125,0.0
2024-05-09,188.8800048828125,191.6999969482422,187.44000244140625,189.5,189.5,43368400,AMZN,191.16525,176.44000244140625,-13.05999755859375,0.0
2024-05-15,185.97000122070312,186.72000122070312,182.72999572753906,185.99000549316406,185.99000549316406,75459900,AMZN,190.84018,185.0,-0.9900054931640625,0.0
2024-05-16,185.60000610351562,187.30999755859375,183.4600067138672,183.6300048828125,183.6300048828125,38834500,AMZN,190.0957,184.3000030517578,0.6699981689453125,0.0
2024-05-20,184.33999633789062,186.6699981689453,183.27999877929688,183.5399932861328,183.5399932861328,30511800,AMZN,188.90468,187.22999572753906,3.69000244140625,0.0
2024-05-22,183.8800048828125,185.22000122070312,181.97000122070312,183.1300048828125,183.1300048828125,28148800,AMZN,187.40758,183.8300018310547,0.6999969482421875,0.0
2024-05-23,183.66000366210938,184.75999450683594,180.0800018310547,181.0500030517578,181.0500030517578,33670200,AMZN,186.31592,183.66000366210938,2.6100006103515625,0.0
2024-06-12,188.02000427246094,188.35000610351562,185.42999267578125,186.88999938964844,186.88999938964844,33984200,AMZN,192.36124,200.0,13.110000610351562,0.0
2024-06-13,186.08999633789062,187.6699981689453,182.6699981689453,183.8300018310547,183.8300018310547,39721500,AMZN,192.20685,199.2899932861328,15.459991455078125,0.0
2024-06-18,183.74000549316406,184.2899932861328,181.42999267578125,182.80999755859375,182.80999755859375,36659200,AMZN,190.40984,195.0500030517578,12.240005493164062,0.0
2024-06-27,195.00999450683594,199.83999633789062,194.1999969482422,197.85000610351562,197.85000610351562,74397500,AMZN,193.28624,183.1300048828125,0.0,14.720001220703125
2024-07-02,197.27999877929688,200.42999267578125,195.92999267578125,200.0,200.0,45600000,AMZN,196.53043,180.8300018310547,0.0,19.169998168945312
2024-07-09,199.39999389648438,200.57000732421875,199.0500030517578,199.33999633789062,199.33999633789062,32700100,AMZN,202.5298,181.7100067138672,-17.629989624023438,0.0
2024-08-01,189.2899932861328,190.60000610351562,181.8699951171875,184.07000732421875,184.07000732421875,70435600,AMZN,188.10931,176.1300048828125,-7.94000244140625,0.0
2024-08-09,166.39999389648438,168.5500030517578,165.85000610351562,166.94000244140625,166.94000244140625,36401000,AMZN,177.15521,178.5,11.55999755859375,0.0
2024-08-12,168.13999938964844,168.5500030517578,166.11000061035156,166.8000030517578,166.8000030517578,30072800,AMZN,179.10558,176.25,9.449996948242188,0.0
2024-08-13,167.80999755859375,171.0399932861328,167.10000610351562,170.22999572753906,170.22999572753906,39237900,AMZN,181.49907,173.3300018310547,3.100006103515625,0.0
2024-08-21,179.9199981689453,182.38999938964844,178.88999938964844,180.11000061035156,180.11000061035156,35599100,AMZN,189.04575,187.0,6.8899993896484375,0.0
2024-08-22,181.3800048828125,181.47000122070312,175.67999267578125,176.1300048828125,176.1300048828125,32047500,AMZN,188.68088,186.49000549316406,10.360000610351562,0.0
2024-09-03,177.5500030517578,178.25999450683594,175.25999450683594,176.25,176.25,37817500,AMZN,186.77443,193.9600067138672,17.710006713867188,0.0
2024-09-11,180.10000610351562,184.99000549316406,175.72999572753906,184.52000427246094,184.52000427246094,42564700,AMZN,189.76033,184.75999450683594,0.239990234375,0.0
2024-09-12,184.8000030517578,187.41000366210938,183.5399932861328,187.0,187.0,33544200,AMZN,192.23631,181.9600067138672,-5.0399932861328125,0.0
2024-09-16,185.2899932861328,185.80999755859375,183.36000061035156,184.88999938964844,184.88999938964844,26065500,AMZN,191.99725,180.8000030517578,-4.089996337890625,0.0
2024-09-23,191.63999938964844,194.4499969482422,190.57000732421875,193.8800048828125,193.8800048828125,36993100,AMZN,194.0983,187.5399932861328,-6.3400115966796875,0.0
2024-09-30,187.13999938964844,188.49000549316406,184.64999389648438,186.3300018310547,186.3300018310547,41583900,AMZN,193.47583,189.07000732421875,2.7400054931640625,0.0
2024-10-02,184.44000244140625,186.60000610351562,184.0399932861328,184.75999450683594,184.75999450683594,23704100,AMZN,190.74133,184.7100067138672,-0.04998779296875,0.0
2024-10-11,186.6300048828125,189.92999267578125,186.3000030517578,188.82000732421875,188.82000732421875,25751600,AMZN,187.97266,197.92999267578125,0.0,-9.1099853515625
2024-10-14,189.77999877929688,189.8300018310547,187.36000061035156,187.5399932861328,187.5399932861328,22614400,AMZN,188.60664,195.77999877929688,8.240005493164062,0.0
2024-10-22,188.35000610351562,191.52000427246094,186.97999572753906,189.6999969482422,189.6999969482422,29650600,AMZN,193.41034,208.91000366210938,19.210006713867188,0.0
2024-10-29,188.5800018310547,191.4600067138672,187.82000732421875,190.8300018310547,190.8300018310547,35690200,AMZN,194.60165,204.61000061035156,13.779998779296875,0.0
2024-10-30,194.6999969482422,195.61000061035156,192.4199981689453,192.72999572753906,192.72999572753906,37707600,AMZN,195.99156,202.8800048828125,10.150009155273438,0.0
2024-11-05,196.0399932861328,199.82000732421875,195.99000549316406,199.5,199.5,30564800,AMZN,198.13527,207.86000061035156,0.0,-8.360000610351562
2024-11-07,207.44000244140625,212.25,207.19000244140625,210.0500030517578,210.0500030517578,52878400,AMZN,203.1039,207.88999938964844,0.0,2.160003662109375
2024-11-11,208.5,209.64999389648438,205.58999633789062,206.83999633789062,206.83999633789062,35456000,AMZN,207.94893,213.44000244140625,6.600006103515625,0.0
2024-11-12,208.3699951171875,209.5399932861328,206.00999450683594,208.91000366210938,208.91000366210938,38942900,AMZN,210.22493,218.16000366210938,9.25,0.0
2024-11-14,214.16000366210938,215.89999389648438,210.8800048828125,211.47999572753906,211.47999572753906,42620300,AMZN,215.78815,227.02999877929688,15.550003051757812,0.0
2024-11-22,198.25,199.25999450683594,196.75,197.1199951171875,197.1199951171875,31530800,AMZN,220.81105,232.92999267578125,35.80999755859375,0.0
2024-12-10,226.08999633789062,229.05999755859375,224.1999969482422,225.0399932861328,225.0399932861328,31199900,AMZN,226.6622,220.22000122070312,-4.8199920654296875,0.0
2024-12-11,226.41000366210938,231.1999969482422,226.25999450683594,230.25999450683594,230.25999450683594,35385800,AMZN,226.8977,224.19000244140625,0.0,6.0699920654296875
2024-12-24,226.94000244140625,229.13999938964844,226.1300048828125,229.0500030517578,229.0500030517578,15007500,AMZN,228.93791,225.94000244140625,0.0,3.1100006103515625
2024-12-27,225.60000610351562,226.02999877929688,220.89999389648438,223.75,223.75,27367100,AMZN,229.04567,235.00999450683594,11.259994506835938,0.0
2025-01-14,220.44000244140625,221.82000732421875,216.1999969482422,217.75999450683594,217.75999450683594,24711700,AMZN,228.37436,236.1699981689453,18.410003662109375,0.0
2025-01-29,239.02000427246094,240.38999938964844,236.14999389648438,237.07000732421875,237.07000732421875,26091700,AMZN,228.50404,222.8800048828125,0.0,14.19000244140625
2025-02-04,239.00999450683594,242.52000427246094,238.02999877929688,242.05999755859375,242.05999755859375,29713800,AMZN,214.05228,214.35000610351562,0.0,27.709991455078125
2025-02-07,232.5,234.80999755859375,228.05999755859375,229.14999389648438,229.14999389648438,77539300,AMZN,204.40384,205.02000427246094,0.0,24.129989624023438
2025-02-12,230.4600067138672,231.17999267578125,228.16000366210938,228.92999267578125,228.92999267578125,32285200,AMZN,199.9989,200.6999969482422,0.0,28.229995727539062
2025-02-14,229.1999969482422,229.88999938964844,227.22999572753906,228.67999267578125,228.67999267578125,27031100,AMZN,200.3455,194.5399932861328,0.0,34.13999938964844
2025-02-18,228.82000732421875,229.3000030517578,223.72000122070312,226.64999389648438,226.64999389648438,42975100,AMZN,200.21075,196.58999633789062,0.0,30.05999755859375
2025-03-10,195.60000610351562,196.72999572753906,190.85000610351562,194.5399932861328,194.5399932861328,62350900,AMZN,190.48203,190.25999450683594,0.0,4.279998779296875
2025-03-13,198.1699981689453,198.8800048828125,191.82000732421875,193.88999938964844,193.88999938964844,41270800,AMZN,188.61827,178.41000366210938,0.0,15.479995727539062
2025-03-24,200.0,203.63999938964844,199.9499969482422,203.25999450683594,203.25999450683594,41625400,AMZN,186.2808,182.1199951171875,0.0,21.139999389648438
2025-03-25,203.60000610351562,206.2100067138672,203.22000122070312,205.7100067138672,205.7100067138672,31171200,AMZN,187.50278,179.58999633789062,0.0,26.120010375976562
2025-04-15,181.41000366210938,182.35000610351562,177.92999267578125,179.58999633789062,179.58999633789062,43642000,AMZN,194.9569,188.7100067138672,9.120010375976562,0.0
2025-04-21,169.60000610351562,169.60000610351562,165.2899932861328,167.32000732421875,167.32000732421875,48126100,AMZN,192.52588,208.63999938964844,41.31999206542969,0.0
2025-04-30,182.1699981689453,185.0500030517578,178.85000610351562,184.4199981689453,184.4199981689453,55176500,AMZN,204.2085,201.1199951171875,16.699996948242188,0.0
2025-05-07,185.55999755859375,190.99000549316406,185.00999450683594,188.7100067138672,188.7100067138672,43948600,AMZN,201.23415,205.6999969482422,16.989990234375,0.0
2025-05-09,193.3800048828125,194.69000244140625,191.16000366210938,193.05999755859375,193.05999755859375,29663100,AMZN,201.58246,206.64999389648438,13.589996337890625,0.0
2025-05-12,210.7100067138672,211.66000366210938,205.75,208.63999938964844,208.63999938964844,75205000,AMZN,206.1762,205.7100067138672,0.0,2.92999267578125
2025-05-21,201.61000061035156,203.4600067138672,200.05999755859375,201.1199951171875,201.1199951171875,42460900,AMZN,216.5258,213.24000549316406,12.120010375976562,0.0
2025-05-27,203.08999633789062,206.69000244140625,202.19000244140625,206.02000427246094,206.02000427246094,34892000,AMZN,219.41179,214.82000732421875,8.800003051757812,0.0
2025-05-28,205.9199981689453,207.66000366210938,204.41000366210938,204.72000122070312,204.72000122070312,28549800,AMZN,220.54866,212.52000427246094,7.8000030517578125,0.0
2025-05-29,208.02999877929688,208.80999755859375,204.22999572753906,205.6999969482422,205.6999969482422,34650000,AMZN,221.15202,209.69000244140625,3.9900054931640625,0.0
2025-06-05,209.5500030517578,212.80999755859375,207.55999755859375,207.91000366210938,207.91000366210938,51864200,AMZN,222.79306,223.3000030517578,15.389999389648438,0.0
2025-06-06,212.39999389648438,213.8699951171875,210.5,213.57000732421875,213.57000732421875,39832500,AMZN,223.38962,219.38999938964844,5.8199920654296875,0.0
2025-06-09,214.75,217.85000610351562,212.8800048828125,216.97999572753906,216.97999572753906,38102500,AMZN,224.04395,220.4600067138672,3.480010986328125,0.0
2025-06-11,217.41000366210938,218.39999389648438,212.88999938964844,213.1999969482422,213.1999969482422,39326000,AMZN,224.67702,223.41000366210938,10.210006713867188,0.0
2025-06-16,212.30999755859375,217.05999755859375,211.60000610351562,216.10000610351562,216.10000610351562,33284200,AMZN,223.60008,222.5399932861328,6.4399871826171875,0.0
2025-06-27,219.9199981689453,223.3000030517578,216.74000549316406,223.3000030517578,223.3000030517578,119217100,AMZN,225.35025,229.3000030517578,6.0,0.0
2025-07-17,223.32000732421875,224.5,222.50999450683594,223.8800048828125,223.8800048828125,31855800,AMZN,228.42522,223.1300048828125,-0.75,0.0
2025-08-05,213.0500030517578,216.3000030517578,212.8699951171875,213.75,213.75,51505100,AMZN,224.87965,228.7100067138672,14.960006713867188,0.0
2025-08-12,222.22999572753906,223.5,219.0500030517578,221.47000122070312,221.47000122070312,37185800,AMZN,218.86531,225.99000549316406,0.0,-4.5200042724609375
2025-08-13,222.0,224.9199981689453,222.0,224.55999755859375,224.55999755859375,36508300,AMZN,218.07774,235.67999267578125,0.0,-11.1199951171875
2025-08-19,230.08999633789062,230.52999877929688,227.1199951171875,228.00999450683594,228.00999450683594,29891000,AMZN,221.34032,230.3300018310547,0.0,-2.32000732421875
